set_id,set_name,item_name,item_type,item_language,item_tags,item_description,item_code,generated_kcs
664e50d091363872f0ba390d,py_if_else_wage,Calculating the Employee's Wage Based on the Hours That the Employee Has Worked and an Hourly Pay Rate,example,PYTHON,,"Construct a program for the payment department of a company to calculate the wage of an employee based on the number of hours that the employee has worked. If an employee works over 40 hours in a week, the payment amount should take into account the overtime hours. The overtime hours are paid at a rate one and a half times the regular pay rate.","#Step 1: Assign initial values to the variables which we need for this program
rate = 8.25 
standard = 40 
#Step 2: Read the number of hours that the employee has worked
text = input(""Enter the number of hours that the employee has worked: "")
hours = int(text)
#Step 3: Pay overtime at ""time and a half"" of the regular rate of pay
if hours > standard : 
    wage = standard * rate + ( hours - standard ) * ( rate * 1.5 )
else :
    wage = hours * rate
#Step 4: Print the calculated wage
print(""Wage:"", wage)","['Variable assignment', 'Input function', 'Type conversion', 'If-else statement', 'Arithmetic operations', 'Output function', 'Comparison operators', 'Multiplication operation', 'Subtraction operation']"
664e504991363872f0ba38f0,py_list_min_max,Finding the Maximum Value in a List,example,PYTHON,,Write a program that finds the maximum value in a list.,"#Step 1: Define and initialize the list
values = [5, 8, 4, 78, 95, 12, 1, 0, 6, 35, 46]
#Step 2: Set the first value to be the maximum value so far.
max_value = values[0]
#Step 3: Iterate through the remaining values in the list and decide which one is the maximum value 
for i in range(1, len(values)): 
    # Step 3.1: Determine if the element at index i is the maximum value so far
    if (values[i] > max_value):
        max_value = values[i]
#Step 4: Print the maximum value in the list
print(""Maximum value:"", max_value)","['Indexing operation', 'For loop', 'Greater-than comparison', 'Variable assignment', 'If statement', 'Function call', 'List initialization', 'Range function usage', 'Integer usage']"
664e502391363872f0ba38dd,py_f_to_c_conversion,Celsius To Fahrenheit Conversion,example,PYTHON,,Construct a program that computes the Fahrenheit equivalent of an input Celsius value using the formula F = (9/5)C + 32. The input Celsius value is an integer.,"#Step 1: Assign initial values to the variables which we need for this program
base = 32
conversion_factor = 9 / 5
#Step 2: Read the input Celsius value
text = input(""Enter the Celsius value: "")
celsius_temp = int(text)
#Step 3: Compute the  Fahrenheit equivalent of the Celsius value
fahrenheit_temp = celsius_temp * conversion_factor + base
print(""Celsius Temperature:"" , celsius_temp)
print(""Fahrenheit Equivalent:"" , fahrenheit_temp)","['Multiplication operation', 'Addition operation', 'Division operation', 'Variable assignment', 'Input operation', 'Type conversion', 'Output operation', 'Integer usage']"
664e500f91363872f0ba38d0,py_queue_queue,Queue Implementation,example,PYTHON,,Implementing Queue. Using Class to construct a Queue structure.,"# Define a Queue Class
class Queue:
    # Initializing the queue
    def __init__(self):
        self.items =[]
    # Adding elements to the queue
    def enqueue(self, item):
        self.items.insert(0,item)
    # Removing elements to the queue
    def dequeue(self):
        return self.items.pop(0)
    # Returning the queue as a string
    def __str__(self):
        return str(self.items)
q=Queue()
q.enqueue('cat')
q.enqueue(3)
print(q.dequeue())
print(q)","['Class definition', 'Constructor method', 'List usage', 'List insertion', 'List removal', 'String representation method', 'Object instantiation', 'Method invocation', 'Output operation']"
664e500891363872f0ba38c8,py_char_dict,Creating a Dictionary of Character-Count Pairs,example,PYTHON,,"Construct a program that has a function which receives a string from the user and creates a dictionary that maps each character in the given string to its frequency, that is, how many times that character appears in the given string.\nFor example, if the given string is ""book"", the program creates the following dictionary:\nb : 1\no : 2\nk : 1","#Step 1: Define the function
def create_dictionary(s):
    #Step 1.1: Create an empty dictionary 
    counts = {}
    #Step 1.2: Update the dictionary entries as we iterate through the string characters
    for char in s:
        if char in counts:
            counts[char] += 1 
        else:
            counts[char] = 1
    #Step 1.3: Print the dictionary
    print(""The character counts for"", s)
    for char in counts:
        print(char, "":"", counts[char])
#Step 2: Call the function
s = input(""Enter a string: "")
create_dictionary(s)","['Function definition', 'Dictionary usage', 'For loop', 'If statement', 'Membership test', 'Variable assignment', 'Function call', 'String usage', 'Output operation']"
664e4e3e91363872f0ba3885,py_phone_age,Determining When to Buy a New Phone (Case 1),example,PYTHON,,Construct a program that determines whether it is time to buy a new phone based on the inputs that it receives from the user. A new phone should be bought if the phone breaks or the phone is at least 3 years old.,"#Step 1: Read the user inputs
text = input(""Enter the phone age in years:"")
phone_age = int(text)
text = input(""Enter 1 if the phone is broken, otherwise enter 0:"")
input_num = int(text)
#Step 2: Determine whether the phone is broken
if input_num == 1 :
    is_broken = True
else:
    is_broken = False
#Step 3: Write the boolean expression to determine whether it is time to buy a new phone
need_phone = is_broken or phone_age >= 3
#Step 4: Print the result
if need_phone == True :
    print(""Yes! It is time to buy a new phone."")
else:
    print(""No! It is not yet the time to buy a new phone."")","['User input', 'String to integer conversion', 'If-else statement', 'Boolean variable usage', 'Logical OR operation', 'Greater-than-or-equal-to comparison', 'Output printing']"
664e4dc691363872f0ba3851,py_list_change,Modifying a List (Case 1),example,PYTHON,,Construct a program that increments all values of the list by 1.,"#Step 1: Define and initialize the list
lst = [1, 2, 3, 4, 5, 6]
#Step 2: Iterate through the list elements 
for i in range(len(lst)):
    #Step 2.1: Increment the element at index i by 1
    lst[i] += 1
#Step 3: Print the list
print(lst)","['List initialization', 'For loop', 'Range function', 'Indexing operation', 'Addition assignment', 'Print function']"
664e4dbf91363872f0ba3849,py_nestedloops_print_a_square_star_pattern,Printing a square star pattern,example,PYTHON,,"Construct a program that takes an input as the size of a solid square  and print the square.\nFor example, if a user’s input is 4, the printed solid square should look like:\n****\n****\n****\n****","# Step 1: Read the size of the square star pattern
size = int(input(""Enter size of side of square :""))
# Step 2: Print the rows in the star pattern, one by one
for i in range(size):
    # Step 2.1: Generate the asterisks in the corresponding row
    for j in range(size):
        # Step 2.2: Print the asterisks in each row
        print(""*"", end = """")
    # Step 3: Print the next line
    print()","['Input function', 'Type conversion', 'For loop', 'Range function', 'Print with end parameter', 'Print newline', 'Nested loops', 'String usage']"
664e4c8991363872f0ba3821,py_stack_stack,Stack,example,PYTHON,,Implementing Stack. Using Class to construct a Stack structure.,"# Define a Stack Class
class Stack:
# Initializing the stack
    def __init__(self):
        self.items = []
    # Checking if the stack is empty
    def is_empty(self):
        return len(self.items) == 0
    # Adding elements to the stack
    def push(self, item):
        self.items.append(item)
    # Removing the elements from the stack
    def pop(self):
        return self.items.pop()
    # Checking the element in the stack
    def peek(self):
        return self.items[- 1]
# Checking the if the brackets are matched
def match(bracket):
    left =['(','[','{']
    right={')',']','}'}
    s=Stack()
    for brackets in bracket:
        if brackets in left:
            # We try to store the current bracket in the stack if it is the left one
            s.push(brackets)
        elif brackets in right:
            if s.is_empty():
                return False
            if 1 <= ord(brackets) - ord(s.peek()) <= 2:
                # We try to empty the stack if any right bracket matches a left bracket in the stack.
                s.pop()
    return s.is_empty()
expr1=['[','{','(','{','}',')','}',']']
expr2=['{','[','}','(',')']
print(match(expr1))
print(match(expr2))","['Class definition', 'Constructor method', 'List usage', 'List append method', 'List pop method', 'List length check', 'List indexing', 'Set usage', 'For loop', 'If statement', 'Character comparison', 'Method call', 'Return statement', 'Print function']"
664e4c5791363872f0ba380e,py_temperature,Finding the Number of Days Above the Average Temperature,example,PYTHON,,Construct a program that reads a series of temperatures and reports the average temperature and the number of the days that are above the average. Assume that the input values could have a decimal point.,"#Step 1: Read the number of days that we have to enter their temperature data
num_days = int(input(""Enter the number of temperature values that will be entered: ""))
#Step 2: Read the temperature values
temps = []
total = 0
for i in range(num_days):
    val = float(input(""Enter the temperature: ""))
    temps.append(val)
    total += val
#Step 3: Calculate the average temperature
average = 0
if num_days == 0:
    print(""No temperature values were entered."")
else:
    average = total / num_days
#Step 4: Count the number of the days that are above the average temperature
above = 0
for x in temps:
    if x > average:
        above += 1
#Step 5: Display the results
print(""Average temperature:"", average)
print(above, ""days above average."")","['Input function', 'Integer conversion', 'Float conversion', 'List usage', 'List append', 'For loop', 'If statement', 'Addition operation', 'Division operation', 'Greater-than comparison', 'Print function', 'Variable assignment']"
664e4c2d91363872f0ba3805,py_squares,Printing the Squares of Numbers Within a Specified Range (Case 1) ,example,PYTHON,,Construct a program to write out the squares of even positive integers less than or equal to 10.,"#Step 1: Iterate through the numbers in the sequence
for num in range(2, 11, 2):
    #Step 1.1: Square and print each number in the sequence
    print(num, ""squared ="", num * num)","['For loop', 'Range function', 'Multiplication operation', 'Function call', 'String usage', 'Integer usage']"
664e4c2591363872f0ba37f9,py_hot_dry,Determining the Weather Condition (Case 1),example,PYTHON,,Construct a program that determines whether it is both too hot and too dry based on the inputs that it receives from the user.,"#Step 1: Read the user input for determining whether it is too hot
text = input(""Enter 1 if it is too hot, otherwise enter 0:"")
input_num = int(text)
#Step 2: Determine whether it is too hot
if input_num == 1 :
    too_hot = True
else:
    too_hot = False
#Step 3: Read the user input for determining whether it is too dry
text = input(""Enter 1 if it is too dry, otherwise enter 0:"")
input_num = int(text)
#Step 4: Determine whether it is too dry
if input_num == 1 :
    too_dry = True
else:
    too_dry = False
#Step 5: Write the boolean expression to determine whether it is both too hot and too dry
result = too_hot and too_dry
#Step 6: Print the result
if result == True :
    print(""Yes! It is too hot and too dry."")
else:
    print(""No! the weather condition 'too hot and too dry' is not met."")","['User input', 'Type conversion', 'If statement', 'Boolean variable usage', 'Logical operator', 'Output printing', 'Equality comparison']"
664e4c0191363872f0ba37e3,objects_classes_loan,The Class for Representing a Loan (Case 1),example,PYTHON,,"Construct a class that represents a loan. This class should contain data representing the interest rate, loan amount, and the length of loan period (in years); all of which could be accessed or changed only through the getter and setter methods. An instance of the class should be created by specifying annual interest rate, length of loan period, and loan amount.\nThe other method of the this class should calculate the amount of monthly payments on the loan.","#Step 1: Define the class
class Loan1 :
    #Step 1.1: Initialize the loan with the specified values 
    def __init__(self, annual_interest_rate, number_of_years, loan_amount) :
        self.__annual_interest_rate = annual_interest_rate
        self.__number_of_years = number_of_years
        self.__loan_amount = loan_amount
    #Step 1.2: Define the method that calculates the amount of monthly payments on the loan
    def get_monthly_payment(self) :
        monthly_interest_rate = self.__annual_interest_rate / 12
        monthly_payment = self.__loan_amount * monthly_interest_rate / (1 -
                (1 / (1 + monthly_interest_rate) ** (self.__number_of_years * 12) ))
        return monthly_payment    
    #Step 1.3: Define the methods to get/set the properties of the loan
    def get_annual_interest_rate(self) :
        return self.__annual_interest_rate
    def set_annual_interest_rate(self, annual_interest_rate) :
        self.__annual_interest_rate = annual_interest_rate
    def get_number_of_years(self) :
        return self.__number_of_years
    def set_number_of_years(self, number_of_years) :
        self.__number_of_years = number_of_years
    def get_loan_amount(self) :
        return self.__loan_amount
    def set_loan_amount(self, loan_amount) :
        self.__loan_amount = loan_amount
#Step 2: Test the class
annual_interest_rate = float(input(""Enter the annual interest rate: ""))
number_of_years = int(input(""Enter the number of years for the loan period: ""))
loan_amount = (float(input(""Enter the loan amount: "")))
loan1 = Loan1(annual_interest_rate, number_of_years, loan_amount)
print(""The monthly payment for the loan is: {:.2f} "".format(loan1.get_monthly_payment()))","['Class definition', 'Constructor method', 'Private attribute', 'Getter method', 'Setter method', 'Arithmetic operation', 'Power operator', 'Function definition', 'Function call', 'Input function', 'String formatting', 'Variable assignment', 'Class instantiation']"
664e4bae91363872f0ba37db,py_classes_inheritance,Person and Employee Inheritance,example,PYTHON,,Construct two classes: one represents a Person and another one represents an Employee that should be defined as Person's child class. The classes should define the functions to check if the person is an employee and return the person's name.,"# Step1: Define the class
class Person():
    # Step 1.1: Initialize the attributes of the Person class.
    def __init__(self, name):
        self.name = name
    # Step 1.2: Define the method to return the person’s name
    def get_name(self):
        return self.name
    # Step 1.3: Define the method to return if the person is an employee
    def is_employee(self):
        return False
# Step2: Define a class that is Person’s child class or subclass
class Employee(Person):
    # Step 2.1: Define the method to return if the person is an employee
    def is_employee(self):
        return True
# Step3: Test the class
emp = Person(""Melody"")
print(emp.get_name(), emp.is_employee())
emp = Employee(""Linda"")
print(emp.get_name(), emp.is_employee())","['Class definition', 'Constructor method', 'Method definition', 'Class inheritance', 'Method overriding', 'Class instantiation', 'Method call', 'Self keyword usage', 'Print statement']"
664e4b6991363872f0ba37c8,py_search_binary_recursive,Recursive Binary Search,example,PYTHON,,"Construct a function that uses recursive binary search to find if a specific value is in a list (known as a ""key""). Recall: Binary search uses the ""Divide and Conquer"" strategy. Given a list of ordered integers, the key is searched by dividing the data list in half and only searching in the half that contains the key, and repeating the process until the key is found and the index of the key is returned. If the key is not found, -1 is returned.","# Step 1: Define the function
def binary_search(data, key, low, high):
    # Step 1.1: Set default values
    guess = (high + low) // 2
    # Step 1.2: Set terminating condition(s)
    if low >= high:
        return -1
    elif key == data[guess]:
        return data.index(key)
    # Step 1.3: Set recursion condition
    else:
        if (key < data[guess]):
            high = guess
        else:
            low = guess + 1
        return binary_search(data, key, low, high)
# Step 2: Test the function
List = [2,4,8,15,19,20,22,29,31,35,38]
key = 5
idx = binary_search(List, key, 0, len(List))
print(idx)","['Function definition', 'Recursion', 'Integer division', 'Comparison operators', 'List indexing', 'Conditional statements', 'Return value', 'Function call', 'Variable assignment']"
664e47e391363872f0ba3785,py_trees_traversal,Tree traversal.,example,PYTHON,,"The tree can be traversed by deciding on a sequence to visit each node. There are three traversal algorithms: in-order traversal, pre-order traversal and post-order traversal.\n<b>In-order traversal</b> visits the nodes from the left, the root node and the right\n<b>Pre-order traversal</b> visits the nodes from the root node, the left and the right\n<b>Post-order traversal</b> visits the nodes from the left, the right and the root node.\nIn this example, we construct an in-order traversal algorithm. ","# Define a binary tree class
class BinaryTree:
    def __init__(self, root):
        self.left = None
        self.right = None
        self.key = root
    # Define the Insert Node function
    def insert(self, data):
        if self.key:
            if data < self.key:
                if self.left is None:
                    self.left = BinaryTree(data)
                else:
                    self.left.insert(data)
            elif data > self.key:
                if self.right is None:
                    self.right = BinaryTree(data)
                else:
                    self.right.insert(data)
        else:
            self.key = data
    # Define Post order traversal function
    def postorder_traversal(self, root):
        res = []
        if root:
            res = self.postorder_traversal(root.left)
            res = res + self.postorder_traversal(root.right)
            res.append(root.key)
        return res
root = BinaryTree(5)
root.insert(14)
root.insert(16)
root.insert(3)
root.insert(4)
root.insert(10)
print(root.postorder_traversal(root))","['Class definition', 'Constructor method', 'Conditional statement', 'Comparison operation', 'Recursion', 'List append operation', 'Function definition', 'Function call', 'Variable assignment', 'Object attribute usage']"
664e44db91363872f0ba3773,py_fail_course,Determining When a Student Fails a Course (Case 1),example,PYTHON,,Construct a program to determine whether a student fails the course based on the inputs that it receives from the instructor. The student fails the course if the exam score is less than 55 or student has more than 2 missing homework.,"#Step 1: Read the instructor inputs
text = input(""Enter the exam score:"")
exam_score = int(text)
text = input(""Enter number of missing homework:"")
number_of_missing_hw = int(text)
#Step 2: Write the boolean expression to determine whether the student fails the course
is_failing = exam_score < 55 or number_of_missing_hw > 2
#Step 3: Print the result
if is_failing == True :
    print(""Yes! The student fails the course."")
else:
    print(""No! The student does not fail the course."")","['Input function', 'Type conversion', 'Variable assignment', 'Less-than comparison', 'Greater-than comparison', 'Logical OR operation', 'If statement', 'Print function', 'Boolean usage']"
664e44d391363872f0ba3768,py_check_adjacent,Finding Adjacent Duplicates in a Sequence of Numbers,example,PYTHON,,"Construct a program that checks whether a sequence of numbers, entered one at a time, contains adjacent duplicates. The user enters -1 to indicate the end of the input.\nFor example, 4 is a duplicate in the sequence of numbers 1, 3, 4, 4, -1.","#Step 1: Read the first number that the user enters
text = input(""Enter a number: "")
num = float(text)
#Step 2: Read the rest of the numbers that the user enters and check for adjacent duplicates
while num != -1 :
    previous = num
    text = input(""Enter a number: "")
    num = float(text)    
    if num == previous :
        print(""Duplicate input for number:"", num) ","['Input function', 'String to float conversion', 'While loop', 'Variable assignment', 'Not-equal comparison', 'If statement', 'Equality comparison', 'Print function']"
664e44c691363872f0ba3759,py_list_fill,Add Values to an Empty List (Case 1),example,PYTHON,,Construct a program that creates a list of first ten positive odd numbers.,"#Step 1: Create an empty list
lst = []
#Step 2: Add the odd numbers to the list one by one
for i in range(10):
    lst.append( 2 * i + 1 ) 
#Step 3: Print the list
print(lst)","['For loop', 'Range function', 'List append method', 'Multiplication operation', 'Addition operation', 'List usage', 'Print function']"
664e448991363872f0ba3749,py_bmi_calculator,Calculating Body Mass Index (BMI),example,PYTHON,,BMI is a measure of body fat based on height and weight that applies to adult men and women. BMI Categories are as follows:\nUnderweight = <18.5\nNormal weight = 18.5–24.9\nOverweight = 25–29.9\nObesity = BMI of 30 or greater.\nEnglish BMI Formula (Imperial) is: BMI = (Weight in Pounds / (Height in inches x Height in inches)) x 703.\nConstruct a program that calculates the Body Mass Index (BMI) according to this formula.,"#Step 1: Receive the weight and height from the user
text = input(""Enter the weight in pounds:"")
weight = float(text)
text = input(""Enter the height in inches:"")
height = float(text)
#Step 2: Calculate BMI
bmi = weight / height ** 2 * 703    
#Step 3: Print the result
print(""The BMI is:"", bmi)","['User input', 'String to float conversion', 'Variable assignment', 'Arithmetic operations', 'Exponentiation', 'Multiplication operation', 'Function call', 'String usage']"
664e447591363872f0ba3736,py_nested_if_temperature,Warning the User about the Changes in the Temperature,example,PYTHON,,Construct a program that receives the temperature for today and yesterday and warns the user when it is getting colder or warmer or neither. The temperature values could have a decimal point.,"#Step 1: Read the temperature for today and yesterday
text = input(""Enter the yesterday's temperature: "")
yesterday = float(text)
text = input(""Enter the today's temperature: "")
today = float(text)  
#Step 2: Warn the user about the changes in the temperature
if  today < yesterday :
    print(""It is getting colder!"")
else :
    if  today > yesterday :
        print(""It is getting warmer!"")
    else :
        print(""Temperature is the same as yesterday!"")","['Input function', 'Float conversion', 'Variable assignment', 'Less-than comparison', 'Greater-than comparison', 'If statement', 'Print function', 'Else statement']"
664e43ea91363872f0ba371f,py_input,Receiving Input Integers Until a Certain Condition is Met (Case 1),example,PYTHON,,"Construct a program that receives an integer from the user, outputs that integer, and stops receiving integers when the user enters a negative integer.","#Step 1: Read the first integer that the user enters
text = input(""Enter an integer:"")
num = int(text)
#Step 2: Print the integer that the user has entered, then receive the next integers as long as the user enters an integer that is not negative;; otherwise stop
while num >= 0 :
    print(""The integer entered is:"", num)
    text = input(""Enter an integer:"")
    num = int(text)
print(""End of input."")","['Input operation', 'Type conversion', 'While loop', 'Greater-than-or-equal-to comparison', 'Output operation', 'Variable assignment', 'String usage']"
664e42de91363872f0ba36f1,py_print_medals,Printing Table of Medal Counts with Row Totals,example,PYTHON,,"Assume that we have a 7x4 matrix that stores the number of medals that seven countries won in the skating competitions at the Winter Olympic. This matrix looks like as follows:\n[[ ""Canada"", 1, 0, 1 ],\n [ ""China"", 1, 1, 0 ],\n ...]\nEach row of this matrix corresponds to the medal counts for the country in that row. The second, third, and fourth numbers within a row represent the number of Gold, Silver, and Bronze medals won by the corresponding country in that row.\nConstruct a program that takes this matrix and prints a table of medal counts with row total that shows the number of Gold, Silver, Bronze, and Total medals for each of the countries who participated in the competition. The output table should look like as follows:\n    Country    Gold  Silver  Bronze   Total\n     Canada        1       0       1            2\n        China        1       1       0            2\n       ...\n","#Step 1: Define a 7x4 matrix that stores the number of medals won by seven countries
medal_counts = [[ ""CAN"", 1, 0, 1 ],
                [ ""CHN"", 1, 1, 0 ],
                [ ""GER"", 0, 0, 1 ],
                [ ""KOR"", 1, 0, 0 ],
                [ ""JPN"", 0, 1, 1 ],
                [ ""RUS"", 0, 1, 1 ],
                [ ""USA"", 1, 1, 0 ]]
#Step 2: Print the header of the output table
print(""{:>4s}{:>3s}{:>3s}{:>3s}{:>4s}"".format(""Name"",""G"",""S"",""B"",""All""))
#Step 3: Iterate through the rows in the medal counts matrix
for i in range(len(medal_counts)):
    #Step 3.1: Assign initial values to variables we need for printing row i
    line = ""{:>4s}"".format(medal_counts[i][0])
    row_total = 0
    #Step 3.2: Iterate through the columns that have medal counts
    for j in range(1, len(medal_counts[0])):
        #Step 3.2.1: Append medal counts to the content of row i
        line += ""{:>3d}"".format(medal_counts[i][j])
        #Step 3.2.2: Update the row total for row i 
        row_total += medal_counts[i][j]
    #Step 3.3: Add the row total to the content of the output table for row i
    line += ""{:>3d}"".format(row_total)
    #Step 3.4: Print the content of the output table for row i
    print(line)","['Matrix representation using lists', 'Formatted string output', 'For loop iteration over lists', 'List indexing', 'Arithmetic operations', 'String concatenation', 'Variable assignment', 'Using len function']"
664e42a291363872f0ba36e4,py_divisor,Finding the Smallest Divisor of a Positive Number,example,PYTHON,,"Construct a program that finds the smallest divisor (other than 1) of a positive number. For example, the smallest divisor of 4 is 2.","#Step 1: Assign initial values to the variables which we need for this program
num = 15
divisor = 2
#Step 2: Find the smallest divisor of the number
while num % divisor != 0 :
    divisor += 1
print(""The smallest divisor of"", num, ""is"", divisor)","['While loop', 'Modulo operation', 'Not-equal comparison', 'Variable assignment', 'Integer usage', 'Addition operation', 'Function call', 'String usage']"
664e427a91363872f0ba36d4,py_nested_if_min_max,Determining the Smallest of the Three Integers,example,PYTHON,,Construct a program that determines the smallest of the three integer values entered by the user.,"#Step 1: Read the three integers 
text = input(""Enter the first integer: "")
num1 = int(text)
text = input(""Enter the second integer: "")
num2 = int(text)
text = input(""Enter the third integer: "")
num3 = int(text)
#Step 2: Determine the minimum integer
if num1 < num2 : 
    if num1 < num3 :
        min_num = num1
    else :
        min_num = num3
else :
    if num2 < num3 :
        min_num = num2
    else :
        min_num = num3
#Step 3: Print the minimum integer
print(""Minimum value:"", min_num)","['Input function', 'String to integer conversion', 'Variable assignment', 'Less-than comparison', 'If statement', 'Print function']"
664e427491363872f0ba36cc,py_range_one,Printing Consecutive Numbers Starting from Zero (Case 1) ,example,PYTHON,,Construct a program that prints a sequence of numbers from 0 (inclusive) to 10 (exclusive).,"#Step 1: Iterate through the numbers in the sequence
for num in range(10): 
    #Step 1.1: Print each number in the sequence
    print(num)","['For loop', 'Range function', 'Function call', 'Integer usage']"
664e426f91363872f0ba36c4,py_trees_insert_binarytree,Inserting binary tree,example,PYTHON,,"In a BinaryTree, adding new nodes to the tree is an important capability to have.\nConstruct a simple implementation of a BinaryTree consisting of an __init__ method and an insertLeft method, which adds new nodes to the tree to the left of the root. ","# Define a binary tree class
class BinaryTree:
    def __init__(self, root):
        self.key = root
        self.left = None
        self.right = None
    # Define a function to insert node from the right
    def insert_right(self, new_node):
        if self.right is None:
            self.right = BinaryTree(new_node)
        else:
            node_tree = BinaryTree(new_node)
            node_tree.right = self.right
            self.right = node_tree
    # Define a function to print the tree
    def print_tree(self):
        if self.left:
            self.left.print_tree()
        print(self.key, "" "", end="""")
        if self.right:
            self.right.print_tree()
# Initializing a tree
root = BinaryTree(10)
root.insert_right(5)
root.insert_right(6)
root.insert_right(14)
root.print_tree()","['Class definition', 'Constructor method', 'Attribute assignment', 'If statement', 'Object instantiation', 'Method definition', 'Function call', 'Recursive method call', 'Print function usage']"
664e424a91363872f0ba36b1,objects_classes_tv,The Class for Representing a TV (Case 1),example,PYTHON,,"Construct a class that represents a TV. The class should contain data that represents the TV's state (power on or off, current channel). The state of the TV could be accessed or changed only through the getter and setter methods. The class should also include methods to change the state of the TV (turn on/off, change channels). Assume that the valid channel range is from 1 to 120 (both inclusive).","#Step 1: Define the class
class TV1 :
    #Step 1.1: Initialize the state of the TV
    def __init__(self):
        self.__on = False
        self.__channel = 1   
    #Step 1.2: Define the methods to change the on/off state of the TV 
    def turn_on(self) :
        self.__on = True
    def turn_off(self) :
        self.__on = False
    #Step 1.3: Define the methods to change the channel of the TV 
    def set_channel(self, new_channel) :
        if self.__on and new_channel >= 1 and new_channel <= 120 :
            self.__channel = new_channel
    def channel_up(self) :
        if self.__on and self.__channel < 120 :
            self.__channel += 1
    def channel_down(self) :
        if self.__on and self.__channel > 1 :
            self.__channel -= 1
    #Step 1.4: Define the methods to get the current state of the TV 
    def get_channel(self) :
        return self.__channel
    def is_on(self) :
        return self.__on
#Step 2: Test the class
tv1 = TV1()
tv1.turn_on()
tv1.set_channel(30)
tv2 = TV1()
tv2.turn_on()
tv2.channel_up()
tv2.channel_up()
tv2.channel_down()
print(""tv1's channel is "" + str(tv1.get_channel()))
print(""tv2's channel is "" + str(tv2.get_channel()))","['Class definition', 'Constructor method', 'Private attribute', 'Method definition', 'Conditional statement', 'Comparison operation', 'Boolean operation', 'Encapsulation', 'Method call', 'String concatenation', 'Integer usage', 'Return statement', 'Variable assignment']"
664e423991363872f0ba36a9,py_str_count,Counting the Occurrences of One String in Another (Case 1),example,PYTHON,,"Construct a program that has a function that receives a string and returns the number of times that the string ""hi"" appears anywhere in the given string, ignoring the case.","#Step 1: Define the function
def count_hi(s):
    #Step 1.1: Assign initial value to the variable that we need for the counts
    count = 0
    #Step 1.2: Iterate through the characters in the given string 
    for i in range(len(s)-1):
        #Step 1.2.1: Increment the counts by 1 if we find a match
        if s[i:i+2].lower() == ""hi"":
            count += 1
    #Step 1.3: Return the counts
    return count
#Step 2: Call the function
print(count_hi(""hiabc Hi ho hIx""))","['Function definition', 'For loop', 'Range function', 'String slicing', 'String comparison', 'String method usage', 'Variable incrementation', 'Return value', 'Function call', 'Print statement']"
664e423291363872f0ba36a0,py_rent_car,Determining When a Customer Could Rent a Car (Case 1),example,PYTHON,,Construct a program that determines whether a customer could rent a car based on the inputs that it receives from the car rental agent. Rental cars are available to licensed drivers of 21 years of age or over.,"#Step 1: Read the inputs from the car rental agent
text = input(""Enter the customer's age:"")
age = int(text)
text = input(""Enter 1 if the customer has driver's license, otherwise enter 0:"")
input_num = int(text)
#Step 2: Determine whether the customer has driver's license
if input_num == 1 :
    has_license = True
else:
    has_license = False
#Step 3: Write the boolean expression to determine whether a customer could rent a car
can_rent_car = age >= 21 and has_license
#Step 4: Print the result
if can_rent_car == True :
    print(""Yes! The customer could rent a car."")
else:
    print(""No! The customer could not rent a car."")","['Input function', 'Type conversion', 'If-else statement', 'Boolean assignment', 'Comparison operation', 'Logical operator', 'Print function', 'Variable assignment']"
664e422491363872f0ba368e,py_sorting_selection_sort,Selection sort,example,PYTHON,,"Ascending-order Selection sort operates by finding the minimum element of an array and moving it to the “beginning” of the array, with the “beginning” of the array incrementing forward after each element is placed in its proper position. Construct a function that performs selection sort on the given list, in ascending order. ","# Define a function that achieves descending-order selection sort.
def sel_sort(data):
    for i in range(len(data)):
            max_index = i
            for j in range(i+1, len(data)):
            # Check if the current element at maxindex is smaller than the next element
                if data[max_index] < data[j]:
                    max_index = j
            data[i], data[max_index] = data[max_index], data[i]
    return data
num_list = [20, -3, 0, 25, 300, 10]
print(sel_sort(num_list))","['Function definition', 'For loop', 'Indexing operation', 'Less-than comparison', 'Variable assignment', 'Element swapping', 'Function call', 'Return value', 'List usage', 'Print statement']"
664e421991363872f0ba3686,py_student_score,Creating a Dictionary of Student-Scores Pairs (Case 1) ,example,PYTHON,,"Assume we have a list of students and a list of their corresponding test scores. Construct a program that has a function which receives these two lists and returns a dictionary that maps each student to the scores of that student.\nFor example, if the student list is ['Sam', 'Kim', 'Sam'] and the scores list is [15, 10, 14], the program creates the following dictionary:\n{'Sam': [15, 14], 'Kim': [10]}","#Step 1: Define the function
def create_dictionary(std_lst, test_lst):
    #Step 1.1: Create an empty dictionary
    res_dict={}
    #Step 1.2: Update the dictionary entries as we iterate through the indexes in the given lists
    for i in range(len(std_lst)):
        if std_lst[i]  in res_dict:
            res_dict[ std_lst[i] ].append( test_lst[i] )
        else:
            res_dict[ std_lst[i] ] = [ test_lst[i] ]
    return res_dict
#Step 2: Call the function
names = ['Joe', 'Tom', 'Barbara', 'Sue', 'Sally', 'Joe', 'Sue']
scores=[10, 23, 13, 18, 12, 9, 15]
print(create_dictionary(names, scores))","['Function definition', 'Dictionary usage', 'Dictionary initialization', 'For loop', 'Range function', 'Indexing operation', 'If statement', 'Membership test', 'List append operation', 'List assignment', 'Function call', 'Print function']"
664e40f991363872f0ba361b,py_single_linked_list,Singly Linked List,example,PYTHON,,"Create the necessary classes for a Singly Linked List, containing the method append(item) to add a new item to the end of the linked list. Test the singly linked list after the classes are created.","# Step 1: Define Node class
class SLinkedListNode:
    def __init__(self, initData, initNext):
        self.data = initData
        self.next = initNext
    def getData(self):
        return self.data
    def getNext(self):
        return self.next
    def setData(self, newData):
        self.data = newData
    def setNext(self, newNext):
        self.next = newNext
# Step 2: Define the Singly Linked List class
class SLinkedList:
    def __init__(self):
        self.head = None
        self.size = 0
    def __str__(self):
        s = '['
        i = 0
        current = self.head
        while current != None:
            if i > 0:
                s = s + ','
            dataObject = current.getData()
            if dataObject != None:
                s = s + '%s' % dataObject
                i = i + 1
            current = current.getNext()
        s = s + ']'
        return s
    def add(self, item):
        temp = SLinkedListNode(item, None)
        temp.setNext(self.head)
        self.head = temp
        self.size += 1
# Step 3: Test the Linked List
linked_list = SLinkedList()
linked_list.add('Position 1')
linked_list.add('Position 0')
print(linked_list)","['Class definition', 'Constructor method', 'Instance variables', 'Method definition', 'Pointer manipulation', 'Loop usage', 'Conditional statement', 'Variable incrementation', 'String formatting', 'Object instantiation', 'Method call', 'Output printing']"
664e40df91363872f0ba360a,py_concat_str_num,Concatenating Strings and Numbers (Case 1),example,PYTHON,,"Construct a program that uses variables x, y, and z to print ""Python was invented in 1989."".","#Step 1: Assign initial values to the variables x, y, and z
x = ""Python was invented in ""
y = 1989
z = "".""
#Step 2: Print the text using the variables initialized above 
print(x + str(y) + z)","['Variable assignment', 'Type conversion', 'String concatenation', 'Function call', 'String usage']"
664e3d3491363872f0ba35af,py_work_hours,Reporting the Total Hours Each Employee Worked (Case 1) ,example,PYTHON,,"Suppose we have an input file that contains information about how many hours each employee of a company has worked. The file looks like the following (Employee's name, Hours):\nErica 7.5 8.5 10.25 8 8.5\nErin 10.5 11.5 12 11 10.75\nSimone 8 8 8\n...\nConstruct a program that reads this file and calculates the total number of hours worked by each individual. Make sure that the program handles each specific exception that could occur. ","#Step 1: Define the function
def report_work_hours(file_name):
    #Step 1.1: Enclose the code that might throw an exception within the try block
    try :
        #Step 1.1.1: Open the file and process each line in the file        
        myfile = open( file_name, ""r"")
        for line in myfile:
            tokens = line.split()
            name = tokens[0]
            total = 0.0;
            for i in range(1, len(tokens)) :
                try :
                    total += float(tokens[i])
                except ValueError:
                    print(""Error in the hour."")
            print(""Total hours worked by "" + name  + "" = "" + str(total))
        #Step 1.1.2: Close the file
        myfile.close()
    #Step 1.2: Handle all possible exceptions that may be thrown in the try block 
    except FileNotFoundError:
        print(""File not found"")
    except IOError:
        print(""Problem with the file!"")
#Step 2: Call the function
name = input(""Enter the full path of a file: "")
report_work_hours(name)","['Exception handling', 'File opening', 'File reading', 'String splitting', 'List indexing', 'For loop with range', 'String to float conversion', 'Specific exception handling', 'Arithmetic operations', 'Output printing', 'File closing', 'File-related exception handling', 'Function call', 'User input']"
664e3cae91363872f0ba3596,py_find_average,Calculating the Average of Input Integers,example,PYTHON,,"Construct a program that reads a series of integers from the user, sums them up, and calculates their average. The user enters 0 to indicate the end of the input.","#Step 1: Assign initial values to the variables which we need for this program
total = 0
count = 0
#Step 2: Read the first integer that the user enters
text = input(""Enter an integer (0 to quit): "")
num = int(text)
#Step 3: Process the integer that the user has entered, then receive and process the next integers as long as the user enters a non-zero integer; otherwise stop
while num != 0 :
    count += 1
    total += num
    print(""The sum so far is"", total, "", count ="", count)
    text = input(""Enter an integer (0 to quit): "")
    num = int(text)
#Step 4: Calculate and print the average of the integers entered by the user
if count == 0 :
    print(""No integers were entered."")
else :
    average = total / count
print(""The average is:"", average)","['Variable initialization', 'User input', 'Type conversion', 'While loop', 'Not-equal comparison', 'Variable incrementation', 'Addition assignment', 'Output display', 'If-else statement', 'Division operation']"
664e3ca591363872f0ba358b,py_win_percentage,Calculating the Winning Percentage of a Sports Team (Case 1),example,PYTHON,,Construct a program that receives from the user the number of games that a sports team won in a tournament of 12 games and calculates the winning percentage of that sports team. The program must ask for the number of the games won until the user enters a valid number.,"#Step 1: Assign initial values to the variables which we need for this program
total_games = 12
#Step 2: Read the number that the user enters
text = input(""Enter the number of games that the sports team won in the tournament: "")
wins = int(text)      
#Step 3: Validate the user input, ask for a valid input as long as the user enters an invalid number; otherwise stop
while wins < 0 or wins > total_games :
    text = input(""Enter the number of games that the sports team won in the tournament: "")
    wins = int(text)
#Step 4: Calculate and print the percentage of games won by a team
ratio = wins / total_games
print(""Winning percentage:"", ratio)","['User input', 'String to integer conversion', 'While loop', 'Comparison operation', 'Division operation', 'Print statement', 'Variable assignment', 'Logical OR operation']"
664e3c9291363872f0ba3576,py_datatype_input_manipulation,Input Manipulation,example,PYTHON,,"Construct a program that takes a user's inputs and multiplies the inputs.Then print the type of the result, convert the result to float and print its float absolute value. ","# Step 1: Import math library
import math
# Step 2: Take the first input from the user
input_a = input(""Enter the first integer:"")
a = int(input_a)
# Step 3: Take the second input from the user
input_b = input(""Enter the second integer:"")
b = int(input_b)
# Step 3: Division
c = a/b
d = int(c)
# Check if d's type is integer and store the boolean result into the variable f
f = isinstance(d,int)
print(d)
print(f)
print(math.fabs(c))","['Library import', 'User input', 'String to integer conversion', 'Division operation', 'Float to integer conversion', 'Type checking', 'Print statement', 'Absolute value calculation', 'Variable assignment']"
664e3c8b91363872f0ba356e,py_file_input_stat,Reporting File Information (Case 1) ,example,PYTHON,," Construct a program that receives the full path to an input file from the user, reads that file and reports the number of lines, the longest line, the number of words on each line, and the length of the longest word on each line. Make sure that the program handles each specific exception that could occur.","#Step 1: Define the function
def get_stat(file_name):
    #Step 1.1: Assign initial value to variable that we need for reporting the file information
    num_lines = 0
    longest_line = """"
    #Step 1.2: Enclose the code that might throw an exception within the try block
    try :
        #Step 1.2.1: Open the file and process each line in the file
        myfile = open( file_name, ""r"")
        for line in myfile:
            num_lines += 1
            num_words = len(line.split())
            #Determine if the line is the longest line so far
            if (len(line) > len(longest_line)) :
                longest_line = line
            #Find the length of the longest word in the line
            longest_word = 0
            for w in line.split() :
                if len(w) > longest_word :
                    longest_word = len(w)
            #Print the line information
            print(""Line "" + str(num_lines) + "" has "" + str(num_words) + "" tokens (longest = "" + str(longest_word) + "")"")
        print(""Longest line:"" + longest_line)
        #Step 1.2.2: Close the file
        myfile.close()
    #Step 1.3: Handle all possible exceptions that may be thrown in the try block 
    except FileNotFoundError:
        print(""File not found."")
    except IOError:
        print(""Problem with the file!"")
#Step 2: Call the function
name = input(""Enter the full path of a file: "" )
get_stat( name )","['Exception handling', 'File opening', 'File reading', 'For loop', 'String splitting', 'String length calculation', 'Variable assignment', 'If statement', 'Function definition', 'Function call', 'User input', 'String concatenation', 'File closing']"
664e3c7791363872f0ba3566,py_recursion_gcf,Greatest Common Factor,example,PYTHON,,Construct a program that recursively finds and returns the great common factor between of two integers.,"# Step 1: Define the terminating condition
def gcd2(a, b):
    if b == 0:
        return a
        # Step 3: Recursion
    else:
        return gcd2(b, a%b)
print(gcd2(12,14))","['Function definition', 'Function argument', 'Return value', 'If statement', 'Equality comparison', 'Modulo operation', 'Recursion', 'Function call', 'Integer usage']"
664e3c3291363872f0ba354f,objects_classes_account,The Class for Representing a Bank Account (Case 1),example,PYTHON,,"Construct a class that represents a basic bank account. This class should contain data representing the name of the account’s owner, the account number, and the account’s current balance; all of which could be accessed or changed only through the getter and setter methods. An instance of the class should be created by specifying three parameters that are used to initialize the instance (i.e., object) data. The other methods of this class should perform various services on the account (making deposits, withdrawals, adding interest to the account). These methods should examine the data passed into them to make sure the requested transaction is valid.","#Step 1: Define the class
class Account1 :
    #Step 1.1: Initialize the account with the specified values
    def __init__(self, owner, account, initial) :
        self.__acct_name = owner
        self.__acct_number = account
        self.__balance = initial
    #Step 1.2: Define a method to perform the deposit transaction
    def deposit(self, amount) :
        if (amount > 0) :
            self.__balance = self.__balance + amount
        return self.__balance
    #Step 1.3: Define a method to perform a withdraw transaction
    def withdraw(self, amount, fee) :
        if (amount > 0 and fee >= 0 and amount+fee < self.__balance) :
            self.__balance = self.__balance - amount - fee
        return self.__balance
    #Step 1.4: Define a method to add interest to the account
    def add_interest(self) :
        self.__balance += (self.__balance * 0.035)
        return self.__balance
    #Step 1.5: Define the methods to get the  state of the account 
    def get_name(self) :
        return self.__acct_name
    def get_balance(self) :
        return self.__balance
    def get_acct_number(self) :
        return self.__acct_number
#Step 2: Test the class
acct1 = Account1(""Tina Murphy"", 72354, 25.59)
acct2 = Account1(""Angelica Adams"", 69713, 500.00)
acct3 = Account1(""Edward Demsey"", 93757, 769.32)
acct1.deposit(44.10)  
adams_balance = acct2.deposit(75.25)
print(""{:s}'s balance after deposit: {:.2f}"".format(acct2.get_name(), adams_balance))
print(""{:s}'s balance after deposit: {:.2f}"".format(acct2.get_name(), acct2.withdraw (480, 1.50)))
acct3.withdraw(-100.00, 1.50)  
acct2.add_interest()
print(""{:s}'s balance after adding interest: {:.2f}"".format(acct2.get_name(), acct2.get_balance()))","['Class definition', 'Constructor method', 'Private attribute usage', 'Method definition', 'Conditional statement', 'Arithmetic operation', 'Return statement', 'Getter method', 'Object instantiation', 'Function call', 'String formatting', 'Float-point usage']"
664e2fea91363872f0ba3538,py_three_booleans,Determining When at Least One of the Three Boolean Variables is True,example,PYTHON,,Construct a program that determines whether at least one of the three boolean variables is True based on the inputs that it receives from the user.,"#Step 1: Read the user input for the value of the first boolean variable (variable a)
text = input(""Enter 1 if the value of the first boolean variable (variable a) is True, otherwise enter 0:"")
input_num = int(text)
#Step 2: Determine whether the value of the first boolean variable (variable a) is True 
if input_num == 1 :
    a = True
else:
    a = False
#Step 3: Read the user input for the value of the second boolean variable (variable b)
text = input(""Enter 1 if the value of the second boolean variable (variable b) is True, otherwise enter 0:"")
input_num = int(text)
#Step 4: Determine whether the value of the second boolean variable (variable b) is True 
if input_num == 1 :
    b = True
else:
    b = False
#Step 5: Read the user input for the value of the third boolean variable (variable c)
text = input(""Enter 1 if the value of the third boolean variable (variable c) is True, otherwise enter 0:"")
input_num = int(text)
#Step 6: Determine whether the value of the third boolean variable (variable c) is True 
if input_num == 1 :
    c = True
else:
    c = False
#Step 7: Write the boolean expression to determine whether at least one of the three boolean variables is True
result = a or b or c
#Step 8: Print the result
if result == True :
    print(""Yes! At least one of the three boolean variables is True."")
else:
    print(""No! None of the boolean variables are True."")","['User input', 'String to integer conversion', 'If-else statement', 'Boolean assignment', 'Logical OR operation', 'Output printing', 'Equality comparison']"
664e2fa591363872f0ba351c,py_range_two,Printing Consecutive Numbers Within a Specified Range (Case 1) ,example,PYTHON,,Construct a program that prints a sequence of numbers from 1 (inclusive) to 9 (inclusive).,"#Step 1: Iterate through the numbers in the sequence
for num in range(1, 10): 
    #Step 1.1: Print each number in the sequence
    print(num)","['For loop', 'Range function', 'Print function', 'Integer usage', 'Function call']"
664e2eee91363872f0ba34f6,py_range_three,Printing Sequence of Numbers with a Gap Between Adjacent Values (Case 1) ,example,PYTHON,,Construct a program that prints a sequence of numbers from 1 (inclusive) to 16 (exclusive) in increments of 4.,"#Step 1: Iterate through the numbers in the sequence
for num in range(1, 15, 4): 
    #Step 1.1: Print each number in the sequence
    print(num)","['For loop', 'Range function', 'Function call', 'Integer usage']"
664e2e4d91363872f0ba34e6,py_if_else_grade,Determining the Letter Grade Of a Student,example,PYTHON,,Construct a program that receives a score from the user and determines the grade as follows:\nA for scores ≥ 90\nB for scores ≥ 80\nC for scores ≥ 70\nD for scores ≥ 60\nF for scores < 60\n,"#Step 1: Read the score 
text = input(""Enter a score: "") 
score = int(text)
#Step 2: Determine the grade for the score 
if score >= 90 : 
    grade = ""A""
elif score >= 80 :
    grade = ""B""
elif score >= 70 :
    grade = ""C""
elif score >= 60 :
    grade = ""D""
else :
    grade = ""F""
#Step 3: Print the grade
print(""Grade ="", grade)    ","['Input function', 'Type conversion', 'Greater-than-or-equal-to comparison', 'If-elif-else statement', 'Variable assignment', 'Print function', 'String usage']"
664e2e4891363872f0ba34de,py_if_else_num,Determining the Sign of an Integer,example,PYTHON,,"Construct a program that determines whether an integer is positive, negative, or zero.","#Step 1: Read the integer 
text = input(""Enter an integer: "")
num = int(text)       
#Step 2: Determine whether the integer is positive, negative, or zero
if num > 0 : 
    print(""The integer is positive."")
elif num < 0 : 
    print(""The integer is negative."")
else :
    print(""The integer is zero."")","['Input function', 'Type conversion', 'Greater-than comparison', 'Less-than comparison', 'If statement', 'Elif statement', 'Else statement', 'Print function', 'Variable assignment']"
664e2e4391363872f0ba34d6,py_str_repeat_chars,Repeating Characters of a String (Case 1),example,PYTHON,,"Construct a program that has a function that receives a string and creates a new string that has each character of the given string repeated two times.\nFor example, the new string that will be formed from the string 'abc' is 'aabbcc'.","#Step 1: Define the function
def double_char(s):
    #Step 1.1: Assign initial value to the variable that we need for the new string
    new_s = """"
    #Step 1.2: Iterate through the characters in the given string
    for char in s:
        #Step 1.2.1: Add the repeated character to the the new string
        new_s += char * 2
    #String 1.3: Print the new string
    print(new_s)
#Step 2: Call the function
double_char(""Hi There"")","['Function definition', 'For loop', 'String concatenation', 'String multiplication', 'Variable assignment', 'Function call', 'String usage']"
664e2d8991363872f0ba34a8,py_sorting_insertion_sort,Insertion Sort,example,PYTHON,,Insertion sort works similarly to how one would sort a hand of cards: by choosing an element and searching through the rest of the array to determine its proper place. Construct a function that performs insertion sort in ascending order on the given list. ,"# Define the insertion sorting function that sorts the given list in a descending order
def insertion_sort(data):
    for i in range(1, len(data)):
        current = data[i]
        j = i-1
        while j>=0 and current > data[j]:
            data[j+1] = data[j]
            j -=1
        data[j+1] = current
    return data
num_list = [30, -20, 25, 0, 2, 5]
print(insertion_sort(num_list))","['Function definition', 'For loop', 'Indexing operation', 'While loop', 'Greater-than comparison', 'Variable assignment', 'Return value', 'Function call', 'List usage', 'Print statement', 'Integer arithmetic']"
664e2d7391363872f0ba3499,py_list_rotate,Rotating the List Values to the Left by One Position,example,PYTHON,,"Construct a program that has a function that receives a list of values and returns the list rotated to the left by 1 position so that the value at the front of the list goes to the back and the order of the other values stays the same. For example, if the list is [1, 2, 3, 4, 5, 6], the program will change it to [2, 3, 4, 5, 6, 1].","#Step 1: Define the function
def rotate_left(lst):
    #Step 1.1: Store the value at the front in a local variable
    first = lst[0] 
    #Step 1.2: Rotate the remaining values of the list to the left 
    for i in range(len(lst)-1):
        lst[i] = lst[i + 1]
    #Step 1.3: Move the value at the front to the back of the list
    lst[len(lst)-1] = first    
    return lst
#Step 2: Call the function
values =  [3, 8, 9, 8, 7, 5]
print(""Original list:"", values)
print(""Rotated list: "", rotate_left(values))","['Function definition', 'For loop', 'Indexing operation', 'Variable assignment', 'Function call', 'List usage', 'Return value', 'Range function', 'String usage']"
664e2d6191363872f0ba3487,py_list_basic,Updating an Element in the List (Case 1) ,example,PYTHON,,"Construct a program that initializes a list with three values, changes the first element in the list, and finally, prints the list.","#Step 1: Define a list of three integer values
lst = [123, 100, 39]
#Step 2: Update the list element
lst[0] = 2
#Step 3: Print the list
print(lst)","['List initialization', 'List indexing', 'Variable assignment', 'Print function', 'Integer usage']"
664e2d5b91363872f0ba347d,objects_classes_point,The Class for Representing a Point in the Euclidean Plane (Case 1),example,PYTHON,,"Construct a class that represents a point in the Euclidean plane. The class should contain data that represents the point’s integer coordinates (x,y). The point's coordinates could be accessed or changed only through the getter and setter methods. The class should also include a method to translate the point, i.e., shift the point's location by the specified amount.","#Step 1: Define the class
class Point1 :
    #Step 1.1: Declare the method to shift the location of the point by the given amount
    def translate(self, dx, dy) :
        self.__x += dx
        self.__y += dy
    #Step 1.2: Define the setter and getter methods for the x-coordinate of the point
    def set_x(self, new_x) :
        self.__x = new_x
    def get_x(self) :
        return self.__x
    #Step 1.3: Define the setter and getter methods for the y-coordinate of the point
    def set_y(self, new_y) :
        self.__y = new_y
    def get_y(self) :
        return self.__y
#Step 2: Test the class
p1 = Point1()
p1.set_x(7)
p1.set_y(2)
p1.translate(11, 6)
print(""p1 coordinates: ("" + str(p1.get_x()) + "", "" + str(p1.get_y()) + "")"") ","['Class definition', 'Private attribute usage', 'Method definition', 'Getter method', 'Setter method', 'Arithmetic operation', 'Object instantiation', 'Method call', 'String concatenation', 'Integer usage']"
664e2c8b91363872f0ba3468,py_star_patterns,Printing A Right Triangle Star Pattern,example,PYTHON,,"A Right triangle star pattern contains N asterisks in N-th row. Construct a program that receives the number of rows in the right triangle star pattern and prints that triangle. For example, when the number of rows in the right triangle star pattern is 5, the program prints the following output:\n*\n**\n***\n****\n*****","#Step 1: Read the number of rows in the right triangle star pattern
N = int(input(""Enter the number of rows in the right triangle star pattern: ""))
#Step 2: Print the rows in the star pattern, one by one
for i in range(1, N+1):  
    #Step 2.1: Generate the asterisks in the i-th row 
    row = """"
    for j in range(1, i+1):  
        row = row + ""*""
    #Step 2.2: Print the asterisks in the i-th row
    print(row)","['Input function usage', 'Type conversion to integer', 'For loop', 'Range function usage', 'String concatenation', 'Print function usage', 'Variable assignment']"
664e2c8391363872f0ba345b,py_references_passing_values,Passing Values,example,PYTHON,,Construct a function that increases the original integer's value by 1 and return the increased value's memory address.,"#Step 1: Define the function
def convert(x):
    F = (x * 1.8) + 32
    return F
# Step 2: Initiate the value
c = 32
# Step 3: Print the converted temperature
print(""The Fahrenheit is:"", convert(c))
# Step 4: Print the original Celsius.
print(""The Celsius is:"",c)","['Function definition', 'Function argument', 'Multiplication operation', 'Addition operation', 'Return value', 'Variable assignment', 'Function call', 'Print statement', 'String usage', 'Float-point usage']"
664e2c6d91363872f0ba344e,py_list_process_elements,Calculating the Sum of the Values in the List,example,PYTHON,,Construct a program that has a function that receives a list and calculates the sum of the values in that list.,"#Step 1: Define the function
def calculate_list_sum(lst):
    #Step 1.1: Assign initial value to the variable which we need for this program
    total = 0
    #Step 1.2: Iterate through the list values and add each value to the running total
    for x in lst:
        total += x
    #Step 1.3: Print the sum of the list values 
    print(""The sum of all values in the list:"", total)
#Step 2: Call the function
values = [6, 15, 9, 12, 1, 8]
calculate_list_sum(values)","['Function definition', 'Function argument', 'For loop', 'Variable assignment', 'Addition operation', 'Function call', 'List usage']"
664e2c5691363872f0ba3446,py_repeated_sequence,Printing A Sequence of Repeated Numbers (Case 1) ,example,PYTHON,,Construct a program that receives an integer N from the user and prints a sequence of space-separated numbers from 1 to N such that each number in the sequence is repeated 5 times.,"#Step 1: Read the integer N that the user enters
N = int(input(""Enter the integer N: ""))
#Step 2: Print N space-separated numbers
for i in range(1, N+1):  
    #Step 2.1: Print the i-th number five times
    for j in range(1, 6): 
        print(i)            ","['User input', 'Type conversion', 'For loop', 'Range function', 'Print statement', 'Integer usage', 'Repetition pattern']"
664e2ab591363872f0ba341e,py_check_product_code,Counting the Number of Valid and Banned Product Codes (Case 1) ,example,PYTHON,,"Suppose a hypothetical company uses codes to represent its various products. A product code includes, among other information, a character in the tenth position that represents the zone from which that product was made. Due to some reorganization, products from zone R are banned from being sold.\nConstruct a program that reads product codes from the user and counts the number of valid and banned codes entered. Make sure that the program handles all possible exceptions.\nThe program must ask the user for an input until the user enters STOP.","#Step 1: Define the function
def check_product_code():
    #Step 1.1: Assign initial values to the variables that we need for counts 
    valid = 0
    banned = 0
    #Step 1.2: Ask for a valid input as long as the user does'nt enter STOP; otherwise stop
    code = input(""Enter product code: "")
    while ( code != ""STOP"") :
        #Step 1.2.1: Enclose the code that might throw an exception within the try block
        try : 
            zone = code[9]
            valid += 1
            if zone == ""R"" :
                banned += 1
        #Step 1.2.2: Handle all possible exceptions that may be thrown in the try block 
        except IndexError :                        
            print(""Improper code length."")
        code = input(""Enter product code: "")
    #Step 1.3: Print the result    
    print(""# of valid codes entered:"", valid)
    print(""# of banned codes entered:"", banned)
#Step 2: Call the function
check_product_code()","['Function definition', 'Variable assignment', 'While loop', 'Function call', 'String indexing', 'If statement', 'Try-except block', 'Exception handler', 'String comparison', 'Integer usage', 'Function call']"
664e296f91363872f0ba33fc,py_linkedlist_searching,Search in the linked list.,example,PYTHON,,"When using a LinkedList, it is possible that you may want to search through the list to see if a specific value is in it. To do so, each node must be checked individually. Construct a search function within the LinkedList class that traverses through all nodes in the list and returns True if a given target value is within the list.","# Define a Node class
class Node:
    def __init__(self, data):
        self.data = data
        self.next = None
# Define a LinkedList class
class LinkedList:
    def __init__(self):
        self.head = None
    def push(self, new):
        new_node = Node(new)
        new_node.next = self.head
        self.head = new_node
    # Define the search function that count how many times the target appears.
    def search(self, target):
        current = self.head
        count = 0
        while current is not None:
            if current.data == target:
                count += 1
            current = current.next
        return count
linked_list = LinkedList()
linked_list.push(1)
linked_list.push(3)
linked_list.push(3)
linked_list.push(7)
linked_list.push(9)
linked_list.push(11)
linked_list.push(11)
target = 11
print(""There are"", linked_list.search(target), ""instances of"", target, ""in the list"")","['Class definition', 'Method definition', 'While loop', 'If statement', 'Instance creation', 'Variable assignment', 'Return statement', 'Attribute access and modification', 'Function call', 'Equality comparison']"
664e292791363872f0ba33ed,py_references_passing_lists,Passing Lists,example,PYTHON,,Construct a function that calculate square values of the list’s elements.,"# Step 1: Define the function
def Fahrenheit(c_list):
#Step 1.1 :Iterate through the list and compute each value’s Fahrenheit value
    for i in range(len(c_list)):
        c_list[i] = (c_list[i]*1.8)+32
# Step 2: Initiate the list
celsius_list = [25, 3, 40, -5]
# Step 3: Call the function
Fahrenheit(celsius_list)
# Step4: Print the Fahrenheit values
print('The converted Fahrenheit temperature is:',celsius_list)","['Function definition', 'For loop', 'Indexing operation', 'Arithmetic operations', 'List usage', 'Function call', 'Print statement', 'Variable assignment']"
664e274891363872f0ba33c5,py_check_age,Determining Whether One is a Teenager (Case 1) ,example,PYTHON,,"Construct a program that receives a string that has the user name and age separated by a colon, and prints whether the user is a teenager. Make sure that the program handles all possible exceptions.","#Step 1: Define the function
def check_age(s):
    #Step 1.1: Split the given string into the name and age 
    lst = s.split("":"")
    #Step 1.2: Enclose the code that might throw an exception within the try block
    try:
        name = lst[0]
        age = int(lst[1])
        if age >= 13 and age <= 19 :            
            print(name + "" is a teenager."")
        else:            
            print(name + "" is not a teenager."")     
    #Step 1.3: Handle all possible exceptions that may be thrown in the try block 
    except IndexError :
        print(""Error! Separate the name and age by a colon."")
    except ValueError :
        print(""Error! Age must be an integer."")
#Step 2: Call the function
check_age(input(""Enter the name and age, separated by a colon:""))","['Function definition', 'String splitting', 'Exception handling', 'List indexing', 'String to integer conversion', 'Comparison operation', 'Logical operation', 'Output operation', 'Specific exception handling', 'Function call', 'User input']"
664e270491363872f0ba33b4,py_digits,Printing Digits of an Integer from Right to Left,example,PYTHON,,Construct a program that prints the digits of an integer from right to left.,"#Step 1: Assign initial values to the variables which we need for this program
num = 1234
#Step 2: Print the digits of the integer from right to left
while num > 0 :
    #Step 2.1: Get the last digit in the integer
    last_digit = num % 10
    #Step 2.2: Print the extracted digit
    print(last_digit)
    #Step 2.3: Remove the last digit from the integer
    num = num // 10","['While loop', 'Greater-than comparison', 'Modulus operation', 'Function call', 'Floor division operation', 'Variable assignment', 'Integer usage']"
664e25d691363872f0ba3383,py_concat_char_two_str,Concatenating Characters of Two Strings (Case 1),example,PYTHON,,"Construct a program that has a function that receives two strings and returns a string formed from the given strings such that the first character of each string is omitted.\nFor example, the new string that will be formed from the strings 'abc' and 'xyz' is 'bcyz'.\nAssume that both strings have at least one character.","#Step 1: Define the function
def concat_chars(a, b):
    return a[1:] + b[1:]
#Step 2: Call the function
print(concat_chars(""Hello"", ""There""))","['String slicing', 'String concatenation', 'String usage', 'Function call', 'Function argument', 'Function definition', 'Return value']"
664e25cd91363872f0ba337a,py_search_list,Printing Common Elements in Two Lists,example,PYTHON,,Construct a program that has a function that receives two lists and prints the values in the 2nd list that exist in the 1st list.,"#Step 1: Define the function
def search_lists(lst1, lst2):
    #Step 1.1: Iterate through the values in the 2nd list
    for val2 in lst2:
        #Step 1.1.1: Print the value in the 2nd list if it exists in the 1st list
        if val2 in lst1: 
            print(val2, ""exists in both list."")
#Step 2: Call the function
values_1 = [2.0, 11, 4, 5, 3, 3.5, 4, 10, 16]
values_2 =  [7, 11, 3]
search_lists(values_1, values_2)","['Function definition', 'Function argument', 'For loop', 'Membership test', 'Print statement', 'Function call', 'List usage', 'Variable assignment', 'If statement']"
664e258091363872f0ba3362,py_list2d_basic,Updating Two-Dimensional List (Case 1),example,PYTHON,,"Construct a program that initializes a 3x4 two-dimensional matrix that has the numbers 1 through 12 for entries, updates the last row to a list filled with 5s, then sets the left-most element in the middle row of the matrix to be 20, and finally prints the matrix.","#Step 1: Define a 3x4 two-dimensional list 
matrix = [[ 1, 2, 3, 4 ],
          [ 5, 6, 7, 8 ],
          [ 9, 10, 11, 12]]
#Step 2: Update the two-dimensional list 
matrix[2] = [5, 5, 5, 5]
matrix[1][0] = 20
#Step 3: Print the list
print(matrix)","['Two-dimensional list initialization', 'List indexing', 'List assignment', 'Print statement', 'Integer usage']"
664e256191363872f0ba334b,py_functions_multiple_parameters,Multiple Parameters,example,PYTHON,,Construct a program that calculates the current savings after getting paid and the total expense.,"# Step 1 : Define the calculatePay function that returns the final pay.
def calculate_pay(work_hours):
    # Step 1.1: establish base pay rate
    base_rate = 10.0
    # Step 1.2 determine total pay based on hours worked (including possible overtime)
    if work_hours <= 40:
        pay = work_hours * base_rate
    else:
        overtime_hours = work_hours - 40
        normal_pay = 40 * base_rate
        overtime_pay = overtime_hours * (base_rate * 1.5)
        pay = normal_pay + overtime_pay
    return pay
# Step 2: Define the budget function that returns the current saving
def budget(rent, utilities, food, work_hours, current_savings):
    # Step 2.1:#add up all expenses for the month
    total_expenses = rent + utilities + food
    # Step 2.2:calculate total paycheck amount based on hours
    paycheck = calculate_pay(work_hours)
    # Step 2.3: find the current saving after getting paid
    current_savings = current_savings + paycheck
    # Step 2.4 find the current saving left after expenses
    current_savings = current_savings - total_expenses
    return current_savings
print(""after payday and expenses, you will have: "", budget(900, 150, 300, 41, 1500))","['Function definition', 'Function argument', 'Arithmetic operations', 'If statement', 'Return value', 'Variable assignment', 'Function call', 'String usage', 'Floating-point usage']"
664e24f091363872f0ba3330,py_vending_machine,Vending Machine With Dollars and Quarters,example,PYTHON,,"Suppose we have a vending machine that gives change. A customer selects an item for purchase and inserts a bill into the vending machine. The vending machine dispenses the purchased item and gives change. We will assume that all item prices are multiples of 25 cents, and the machine gives all change in dollar and quarters. Construct a program that computes how many dollars and quarters to return to the customer.","#Step 1: Assign initial values to the variables which we need for this program
pennies_per_dollar = 100
pennies_per_quarter = 25
#Step 2: Read the bill value and item price
text = input(""Enter bill value in dollars (1 = $1 bill, 5 = $5 bill, etc.): "")
bill_value = int(text)
text = input(""Enter item price in pennies: "")
item_price = int(text)
#Step 3: Compute the change due
change_due = pennies_per_dollar * bill_value - item_price
#Step 4: Compute the number of dollars and update the change due after taking away the dollars
dollars = change_due // pennies_per_dollar
change_due = change_due % pennies_per_dollar
#Step 5: Compute the number of quarters in the remaining change due
quarters = change_due // pennies_per_quarter
#Step 6: Display the result
print(""Your change consists of:"") 
print(dollars, ""dollars"")
print(quarters, ""quarters"")","['Integer division', 'Modulus operation', 'Variable assignment', 'Input reading', 'String to integer conversion', 'Arithmetic operations', 'Output printing']"
664e24ba91363872f0ba331f,py_soda_survey,Determining the Maximum Rating for Each Soda in The Survey,example,PYTHON,,"Suppose a soda manufacturer held a taste test for four new flavors to determine if people liked them. The manufacturer got 10 people to try each new flavor and give it a score from 1 to 5, where 1 equals poor and 5 equals excellent. The results of that survey is stored in a matrix. Each row of the matrix holds the responses that all testers gave for one particular soda flavor, and each column holds the responses of one person for all sodas.\nConstruct a program that determines the maximum rating that each of the four new flavors of soda received.","#Step 1: Define a 4x10 two-dimensional list
ratings_data = [[3, 4, 5, 2, 1, 4, 3, 2, 4, 4],
                [2, 4, 3, 4, 3, 3, 2, 1, 2, 2],
                [3, 5, 4, 5, 5, 3, 2, 5, 5, 5],
                [1, 1, 1, 3, 1, 2, 1, 3, 2, 4]]
#Step 2: Get the dimensions of the list that stores the ratings data
num_sodas = len(ratings_data)
num_respondents = len(ratings_data[0])
#Step 3: Create a list to store the maximum rating of each soda flavor
soda_max = [0] * num_sodas
#Step 4: Iterate through the sodas 
for i in range(num_sodas):
    #Step 4.1: Find the maximum rating of soda i+1 by iterating through its ratings 
    for j in range(num_respondents):
        if ratings_data[i][j] > soda_max[i] :
            soda_max[i] = ratings_data[i][j]
#Step 5: Print the maximum rating for each soda
print(""Maximums:"")   
for i in range(num_sodas):
    print(""Soda # {:d} : {:d}"".format((i+1), soda_max[i]))","['Two-dimensional list definition', 'List length determination', 'List initialization', 'Nested for loop', 'Two-dimensional list indexing', 'Greater-than comparison', 'List element assignment', 'Output with print function', 'String formatting']"
664e242891363872f0ba3309,py_double_linked_list,Doubly Linked List,example,PYTHON,,"Create the necessary classes for a Doubly Linked List, containing the method insert_at_start(data) to add a new item to the beginning of the linked list, insert_at_end(data) to add a new item to the end of the linked list, delete_at_start() to delete the first item from the link, and an __str__ method to print out the doubly linked list. Test the doubly linked list after all classes and methods are created.","# Step 1: Define Node class
class DoublyLinkedListNode:
    def __init__(self, initData):
        self.item = initData
        self.nref = None
        self.pref = None
# Step 2: Define the Doubly Linked List class
class DoublyLinkedList:
    def __init__(self):
        self.start_node = None
    def __str__(self):
        s = '['
        i = 0
        current = self.start_node
        while current != None:
            if i != 0:
                s = s + ', ' + current.item
            else:
                s = s + current.item
            current = current.nref
            i += 1
        return s + ']'
    def insert_at_start(self, data):
        new_node = DoublyLinkedListNode(data)
        if self.start_node is None:
            self.start_node = new_node
            return
        new_node.nref = self.start_node
        self.start_node.pref = new_node
        self.start_node = new_node
    def delete_at_end(self):
        if self.start_node is None:
            print(""The list has no element to delete"")
            return
        if self.start_node.nref is None:
            self.start_node = None
            return
        n = self.start_node
        while n.nref is not None:
            n = n.nref
        n.pref.nref = None
# Step 3: Test the Linked List
dlist = DoublyLinkedList()
dlist.insert_at_start('Hugo')
dlist.insert_at_start('Mike')
dlist.insert_at_start('Riley')
dlist.insert_at_start('Greyson')
dlist.delete_at_end()
print(dlist)","['Class definition', 'Constructor method', 'Attribute assignment', 'Method definition', 'Conditional statement', 'Looping construct', 'String concatenation', 'Function call', 'Print statement', 'Object reference']"
664e241c91363872f0ba32fc,py_search_binary_search,Binary search,example,PYTHON,,"Binary Search operates by dividing an array in half, and then determining whether or not the target value would be in the larger or smaller half. Then, this process repeats by dividing whichever half must contain the target in half again, over and over until the target is found.
Construct a function that performs binary search on a given array and returns the index of the target value if it is found in the array. Assume that the target will be in the array (in other words, do not handle the case where the target does not exist in the array).","# Define a binary search function that also detects if the key in the given list.
def binary_search(data, key):
    found = False
    low = 0
    high = len(data)-1
    # Using while to conduct a search iteration
    while (not found and low <= high):
        guess = (high + low) // 2
        if (key == data[guess]):
            found = True
        else:
            if (key<data[guess]):
                high = guess-1
            else:
                low = guess+1
    # After one of the while conditions is not satisfied anymore, we need to check if the key is found
    if not found:
        guess = -1
    return guess
data = [1, 5, 7, 9, 11, 13]
print(binary_search(data, 14))","['While loop', 'Less-than-or-equal-to comparison', 'Equality comparison', 'Less-than comparison', 'Integer division', 'Indexing operation', 'Variable assignment', 'Function definition', 'Return value', 'Function call', 'Function argument', 'Boolean usage', 'Subtraction operation', 'List usage']"
664e241291363872f0ba32f4,py_time_conversion,Seconds to Minutes Conversion,example,PYTHON,,"Construct a program that obtains minutes and remaining seconds from the input amount of time in seconds. For example, 500 seconds contains 8 minutes and 20 seconds.","#Step 1: Read the seconds
text = input(""Enter an integer for seconds: "")
seconds = int(text)
#Step 2: Obtain minutes and remaining seconds from the input seconds
minutes = seconds // 60 
remaining_seconds = seconds % 60
#Step 3: Display the result
print(seconds , ""seconds is"" , minutes , ""minutes and"" , remaining_seconds , ""seconds."")  ","['Input reading', 'String to integer conversion', 'Integer division', 'Modulus operation', 'Output printing', 'String usage', 'Variable assignment']"
664e23fd91363872f0ba32ea,py_pythagorean_theorem,Pythagorean Theorem (Case 1),example,PYTHON,,"Construct a program that accepts two input values from the user, one for each side of a right-angle triangle. The program uses the Pythagorean theorem (c^2 = a^2 + b^2) to calculate the length of the triangle's hypotenuse.","#Step 1: Receive the values for each side of a right-angle triangle
text = input(""Enter the length of side A:"")
side_A = float(text)
text = input(""Enter the length of side B:"")
side_B = float(text)
#Step 2: Calculate square of side A
squareside_A = side_A ** 2
#Step 3: Calculate square of side B
squareside_B = side_B ** 2
#Step 4: Use Pythagorean theorem to calculate the length of the triangle's hypotenuse
hypotenuse = ( squareside_A + squareside_B ) ** 0.5
#Step 5: Print the result
print(""Given that side A is"", side_A, ""and side B is"", side_B, "", the hypotenuse is"", hypotenuse)","['User input', 'Type conversion', 'Exponentiation operation', 'Addition operation', 'Square root calculation', 'Output operation', 'Variable assignment', 'String concatenation']"
