id,problem_name,problem_statement
py_reverse_dict,PCRS C3-PL Reverse dictionary,"Write a function that reverses a dictionary, by switchingthe keys to values, and the values to keys. Because the keysof a dictionary must be unique, you may assume that the valuesare also unique. For example:    reverseDictionary({1:2}) => {2:1})    reverseDictionary({1:2, 3:4}) => {2:1, 4:3})    reverseDictionary({1:2, 3:4, 7:7, 9:6}) => {2:1, 7:7, 4:3, 6:9})"
py_recursive_times_in_list,PCRS C3-PL Recursive counting,"Write a function that takes a list and an item x, andreturns the number of times that x occurrs in the list. Userecursion in your implementation. For example:    recCount([1,2,3], 2) => 1    recCount([], 16) => 0    recCount([4,3,2,1,4,5,6,3], 4) => 2"
py_bracket_validator,PCRS C3-PL Bracket validation,"Bracket ValidatorYou're working with an intern that keeps coming to you with JavaScript code that won't run because the braces, brackets, and parentheses are off. To save you both some time, you decide to write a braces/brackets/parentheses validator.Let's say:'(', '{', '[' are called ""openers.""')', '}', ']' are called ""closers.""Write an efficient function that tells us whether or not an input string's openers and closers are properly nested.Examples:""{ [ ] ( ) }"" should return True""{ [ ( ] ) }"" should return False""{ [ }"" should return FalseSimply making sure each opener has a corresponding closer is not enough — we must also confirm that they are correctly ordered.For example, ""{ [ ( ] ) }"" should return False, even though each opener can be matched to a closer.We can do this in O(n) time and space. One iteration is all we need!Bonus:In Ruby, sometimes expressions are surrounded by vertical bars, ""|like this|"". Extend your validator to validate vertical bars. Careful: there's no difference between the ""opener"" and ""closer"" in this case—they're the same character!"
py_find_n_letters,PCRS C3-PL  Find N Letters,"Complete the body for the following function. While this function could be completed with a for loop, for practice, we request that you use a while loop."
py_event_class,PCRS C3-PL  Event Class,"Complete each method of the class Day.  The Day class depends class Event, so we have included the Event class definition below."
py_total_slices,PCRS C3-PL  Total Slices,"Complete the function according to its docstring.  When you think you are done, click ""Submit"" to have your code tested.  If both tests pass, congrats!  If one or both fails, edit your code and resubmit."
py_list_insert,PCRS C3-PL  List Insert,Complete the following code.
py_reverse_lookup,PCRS C3-PL  Reverse Lookup,"You have been asked to write a function that supplies the ""reverse lookup"" name for the person associated with a phone number.  This means that given a phone number, you get the name of the person who is registered with that phone number.  Write this function using parallel lists.Complete the following functions:"
py_realestate_class,PCRS C3-PL  Realestate Class,"Below we have provided a class RealEstateSystem which contains a collection of homes for sale and a Home class which contains a price instance variable. Your task is to complete the extract_minimum_price function which will return the lowest price of all the homes in the RealEstateSystem. If there are no homes in the system, return -1."
py_ipod_class,PCRS C3-PL  Ipod Class,"We have started to write a class to manage an iPod's music library.  To model this, we have created start code for a class that uses a dictionary to store the music using the artists name as the key and a list of their songs as the value. Complete the following code where indicated."
py_rectangle_class,PCRS C3-PL  Rectangle Class,"DO NOT USE THE WORD input ANYWHERE! We provide class Rectangle and starter code for class RectangleCollection. Complete class RectangleCollection, which has one list instance variable, rectangles, that should initially refer to an empty list.  Write a method add_rectangle that takes a Rectangle as a parameter and appends it to the rectangles list.  Write a method get_same_area_rects that takes a number as a parameter and returns a list of all Rectangles from the rectangles list that have that area."
py_special_list_class,PCRS C3-PL  Special List Class,"SpecialList is a class that has two instance variables value_list and size.  value_list refers to a list, and size stores an integer representing the maximum number of items that can be stored in the list.Complete the following code."
py_can_pay_with_two_coins,PCRS C3-PL  Can Pay With Two Coins,Complete the examples in the docstring and then the function body.
py_add_underscores,PCRS C3-PL  Add Underscores,Add at least one example and complete the function body according to the docstring
py_class_day_calendar,PCRS C3-PL  Class Day Calendar,"Below there is code for classes Event and Day.Improve class Day's __init__ method.   Update Day's  __init__ method to add default parameter values, so that if the date isn’t speciﬁed by the caller, it is set to January 1, 2014.  Improve class Day's  schedule_event method.  Improve method schedule_event so that if we attempt to schedule an event that overlaps with an existing event, the event is not scheduled and the method returns False.  Iff the event is successfully scheduled, the method should return True  "
py_double,PCRS C3-PL  Double,Function double takes a number and returns twice its value. Complete the function definition by adding a return statement to it.
py_our_maximum,PCRS C3-PL  Our Maximum, Function our maximum takes two numbers and returns the larger of the two.  Complete the function definition.
py_max_of_min,PCRS C3-PL  Max Of Min,"Function max_of_min takes four numbers, num1, num2, value1, and value2, determines the minimum of num1 and num2 and the minimum of value1 and value2, and returns the maximum of those two minimums.Complete the function definition."
py_caculate_tax,PCRS C3-PL  Caculate Tax,"Following the Function Design Recipe, define function calculate_tax.Here is its Type Contract:( number,  number) → numberThe first parameter represents a bill and the second represents a tax rate (a rate between 0.0 and 1.0 inclusive). Return the amount of tax to be paid on this bill."
py_same_abs,PCRS C3-PL  Same Abs,Complete the following function according to its docstring description.
py_upper_lower,PCRS C3-PL  Upper Lower,Complete this function according to its docstring description.
py_overdue_fees,PCRS C3-PL  Overdue Fees,"A library charges overdue fees for a borrowed book using the following fee schedule:less than 4 days late: 1 dollar per day4 to 6 days late: 2 dollars per day (for all days, including the first 3 days)more than 6 days late: 3 dollars per day (for all days, including the first 6 days)Borrowers of books are in one of these age groups: CHILD, ADULT, or SENIOR. A CHILD gets charged only half of the fees and a SENIOR gets charged only one quarter of the fees. An ADULT pays the full fee.Complete the following function according to the description above and the docstring below."
py_different_types,PCRS C3-PL  Different Types,Complete the following function according to its docstring description.
py_every_second_line,PCRS C3-PL  Every Second Line,"Complete the following function according to its docstring description.  Notes: report is a file open for reading, not a string representing the name of a file.the method str.strip() may come in handy!"
py_get_words,PCRS C3-PL  Get Words,"We will represent the words in the original story (the training text) as a list of strings.  You'll need to read the words in the training text file and create that list.  This string method will help:>>> help(str.split)Help on method_descriptor:split(...)    S.split(sep=None, maxsplit=-1) -> list of strings    Return a list of the tokens in S, using sep as the    delimiter string.  If maxsplit is given, at most maxsplit    splits are done. If sep is not specified or is None, any    whitespace string is a separator and empty strings are    removed from the result.Read the last sentence of that description carefully.If a variable training_text represents a file open for reading, then training_text.read() returns a string containing the entire contents of the file.  You can use the str method split to make your list.Complete the function below according to its docstring description."
py_context_to_next_words,PCRS C3-PL  Context To Next Words,"Here is an example of a story list:['And', 'the', 'fan,', 'and', 'the', 'cup,', 'And', 'the', 'ship,', 'and', 'the', 'fish.']You have worked out that it makes sense to represent the context information as a dictionary where the keys are tuples of strings and the values are lists of strings.  Below, we have given you the first key; write the list of values for it.  Fill in the dictionary with all the 2-word contexts and their values.Reminder: Python is case sensitive, so 'And' and 'and' are not equal."
py_calendar_event3,PCRS C3-PL  Calendar Event3,Complete each method of class Event.
py_user_class1,PCRS C3-PL  User Class1,"The User class represents a user with a username, password, and account information.Complete the update_account method in the code below according to its docstring description. Call the login method in your solution."
py_user_day,PCRS C3-PL  User Day,Below there is code for classes Event and Day.Complete the schedule_multiple_events function below according to its docstring description. Call theschedule_event method as part of your solution.
py_adjacent_match,PCRS C3-PL  Adjacent Match,Complete the function adjacent_match according to its docstring.
py_duplicate_cut,PCRS C3-PL  Duplicate Cut,"Suppose that we have been given several candidate sequences of enzymes that we can apply to a strand to correct a mutation. We'd like to filter out sequences that are less efficient or effective. In particular, sequences that contain the same enzyme in adjacent positions are inefficient, since the enzyme will cut the same location twice.Complete the function duplicate_cut according to its docstring."
py_student_by_degree,PCRS C3-PL  Student By Degree,This exercise uses the student record format from assignment 1. Recall that each student record was a comma separated sequence where the last item in the sequence is the degree being applied to.Complete the function students_by_degree according to its docstring.
py_has_last_token,PCRS C3-PL  Has Last Token,In this problem you will write the function has_last_token which takes as its first parameter a list of strings that are each a comma-separated sequence. Complete the function according to its docstring.
py_context_not_unique_hashtags,PCRS C3-PL  Context Not Unique Hashtags,"In this problem, you will write a function contains_no_unique_hashtags that takes two lists as parameters. The first list, tweet_hashtags, contains lists. Each list represents the hashtags found in a single tweet. The second list, unique_hashtags, is a list of hashtags uniquely used by a specific candidate.contains_no_unique_hashtags should return a new list of the hashtag lists for those tweets (from the original list) that cannot be attributed to the candidate. A tweet cannot be attributed to the candidate if it uses none of the unique hashtags used by the candidate.Your function should not change the original lists passed as parameters. You should complete the docstring (for practice for the exam) although PCRS will not test it."
py_non_intersecting,PCRS C3-PL  Non Intersecting,"Write a function non_intersecting that takes two lists as parameters. The first list L1 has elements that are themselves lists of strings. The second L2, is a list of strings.non_intersecting should return a new list that contains the original lists inside L1 that do not contain any of the strings in L2. Your function should not change the original lists passed as parameters.You should complete the docstring (for practice for the exam) although PCRS will not test it."
py_eligible,PCRS C3-PL  Eligible,"You are analyzing the results of the admissions process and you have two parallel lists of information about each student. The first list indicates whether or not the student was eligible for admission under the special case rules (stored as a string, either ""SC"" or ""non-SC"" and the second list has their average final mark (stored as an int). The lists are in the same order. In other words, a particular student occurs at the same index in both lists.The group you want to analyze is the students admitted (average final mark at least 65) under the special case rules. The first step is to count how many students fit these criteria, to see if there are enough to run statistical tests.Write a function count_admitted_sc that returns the number of students admitted under the special case rules.  Your function should take the special case / non-special case list as the first parameter and the admissions status list as the second.Write your own docstring."
py_return_indices,PCRS C3-PL  Return Indices,Write a function fun that takes as parameters two parallel lists (which are guaranteed to be the same length.) The first is a list of strings and the second a list of ints.Return the number of indices at which the first list holds the string 'x' and the corresponding integer in the second list is at least 65.Write a docstring for your function (even though PCRS won't explicitly test your docstring.)
py_reorganize,PCRS C3-PL  Reorganize,"Complete the function reorganize below that returns a dictionary new_dict mapping string keys to lists of strings from the data provided by the parameter input_dictThe keys in result_dict are the strings from the values in orig_dict. For each key k in new_dict, the corresponding value, is the list of keys in orig_dict where k was found in its value list. Complete the function below including writing a description."
py_reorder_by_hashtag,PCRS C3-PL  Reorder By Hashtag,"This function describes a potential helper function for detect_authors. In this question, we have a dictionary that connects candidates to the lists of the hashtags they use. The task is to write a function that produces a dictionary where the keys are hashtags and the values are the lists of candidates who use those hashtags.Complete the function below including writing a description."
py_valid,PCRS C3-PL  Valid,Complete the function below according to its docstring.
py_valid_DNA,PCRS C3-PL  Valid Dna,"DNA sequences have traditionally been represented as strings of the symbols A, C, G, and T which represent the nucleobases found in natural DNA.  Scientists have recently uncovered the importance of chemical modifications to numerous nucleobases. While many of these were previously known, they have recently been shown to likely have impacts on the regulation of genes (specific sequences of nucleobases that encode for various functional units in cells, often the class of large bio-molecules called proteins). Many other modifications have only recently been discovered and found to be involved in essential cellular processes, some necessary for the development of various organisms.In order to analyze these modifications computationally, researchers at U of T have proposed and made use of an additional set of symbols, in effect, defining an expanded DNA alphabet. For example, cytosine (C) is often modified, by the addition of a methyl group (a CH3) at its fifth carbon, forming 5-methylcytosine. These researchers assign the symbol m to this nucleobase, adding a fifth symbol to the DNA alphabet. They have already defined other symbols and there may be more to come.In this problem you will write a function valid_DNA_sequence that takes a sequence and a DNA nucleobase alphabet, and determines if all the symbols in the sequence are from those in the provided alphabet.Complete the function below."
py_item_catalog_class,PCRS C3-PL  Item Catalog Class,"For this problem, Item and Catalog classes have been defined in the editing space.The Item class creates objects consisting of attributes (e.g. ""style"") and values (e.g. ""flat""). When a new Item object is created, an id attribute is automatically assigned. Here’s an example of interacting with the class in a console:>>> obj = Item()>>> obj.id102>>> obj.style = ""flat"">>> obj.style’flat’Note that Python allows attributes to be assigned values with an assignment statement. In addition to id and style, possible attributes for the Itemclass include calories, color, label, name, shape, status and texture.The Catalog class produces objects that contain a collection of items. Here’s an example of interacting with the Item and Catalog class:>>> listing = Catalog()>>> listing.add(obj)>>> listing.has_style(""flat"")True>>> listing.has_style(""twisted"")False>>> listing.size()1Write a method for the Catalog class called lookup. This method should take a string as an argument to find the first object that matchesits shape attribute. The method should then return the name of the matching Item object. For example, consider that listing is a Catalogobject that has an Item with shape of ’round’ and name of ’apple’:>>> listing.lookup('round')'apple'If there is no matching object, the method should return the Python keyword None. You may assume that every object in the Cataloghas both name and shape attributes.Using just the editing space below, write your definition of the lookup method so that it works as described above. "
py_someCode,PCRS C3-PL  Somecode,"Define and assign variable ""a"" and ""b"" such that someCode() returns True."
py_my_max,PCRS C3-PL  My Max,"Write a function my_max(num1, num2) that returns the larger number of num1 or num2. If both nums are the same, return num1."
py_compute_sum,PCRS C3-PL  Compute Sum,"Write a function called compute_sum that    takes two parameters and returns their sum.Example calls: compute_sum(2, 3) => 5 compute_sum(4, -11) => -7 compute_sum(42, 0) => 42"
py_unique_integer,PCRS C3-PL  Unique Integer,Write a function called unique_integer that    returns the unique number in a list.
py_compute_product,PCRS C3-PL  Compute Product,"Write a function called computeProduct that    takes two parameters and returns their product.Example calls: computeProduct(2, 3) => 6 computeProduct(4, -11) => -44 computeProduct(42, 0) => 0"
py_hello_world,PCRS C3-PL  Hello World,Write a function called hello_world that    returns a suitable greeting with the name.
py_hello_world_name,PCRS C3-PL  Hello World Name,"Write a function called hello_world that    returns a suitable greeting using the 'name' parameter. Example calls: hello_world('KITE') => ""KITE says hello world!"" hello_world('Python') => ""Python says hello world!"""
py_shift_char,PCRS C3-PL  Shift Char,"Write a function that takes a single character and an int key as parameters,and then shifts the character ahead by the given number of spots,wrapping around from z to a. For simplicity, assume all input charsare lower-case letters. For example:shiftChar('a', 4) => 'e'shiftChar('z', 1) => 'a'shiftChar('z', 26) => 'z'"
py_unshift_char,PCRS C3-PL  Unshift Char,"Write a function that takes a single character and an int key as parameters,and then shifts the character backwards by the given number of letters,wrapping around from a back around z. For simplicity, assume all input charsare lower-case letters. Note that this it is harder to shift backwards thanforwards. You may need to add extra multiple of 26 sothat you don't get back a negative value when subtractingoff the key.For example:unshiftChar('a', 4) => 'w'unshiftChar('z', 1) => 'y'unshiftChar('z', 26) => 'z'"
py_a_before_b,PCRS C3-PL  A Before B,"Check if all instances of string a appear before string b. Return True if all instances of A are before B.aBeforeB(""cats cats cats dogs dogs"", ""cats"", ""dogs"") -> TrueaBeforeB(""cats cats dogs cats dogs"", ""cats"", ""dogs"") -> FalseaBeforeB(""dogs cats cats cats dogs"", ""cats"", ""dogs"") -> FalseaBeforeB(""cats dogs"", ""cats"", ""dogs"") -> True"
py_less_than_ten,PCRS C3-PL  Less Than Ten,"Write a function called lessThan10 that takes one parameterand returns true if the parameter is strictly less than 10,and false otherwise. For example:lessThan10(9) => TruelessThan10(10) => FalselessThan10(11) => False"
py_positive_less_than_ten,PCRS C3-PL  Positive Less Than Ten,Write a method that takes an int as a parameter and returns true if the parameter is both positive (i.e. greater than 0) and also strictly less than 10. For example:positiveLessThan10(10) => FalsepositiveLessThan10(-5) => FalsepositiveLessThan10(5) => True
py_in_between,PCRS C3-PL  In Between,"Write a method called isBetween that takes three parameters and returns true if the first number is between the other two (inclusive), and false otherwise.isBetween(3, 3, 3) should return True  isBetween(4, 7, 9) should return False  isBetween(2, 1, 3) should return True  isBetween(2, 3, 1) should return True  "
py_sum_twenty,PCRS C3-PL  Sum Twenty,"The method has 3 parameters: a, b and c. Return true if any pair of parameters (ab, ac, or bc) sums to 20. For example:sum20(5, 25, -5) => Truesum20(3, 10, 7) => Falsesum20(4, 19, -7) => False"
py_exactly_one_positive,PCRS C3-PL  Exactly One Positive,"Write a function that takes three parameters and returns True if at least one parameter is positive. For example:exactlyOnePositive(1,0,0) -> TrueexactlyOnePositive(1,7,1) -> TrueexactlyOnePositive(-9,-5,0) -> False"
py_exactly_one_positive2,PCRS C3-PL  Exactly One Positive2,"Write a function that takes parameters and returns True if exactly one parameter is positive. For example:exactlyOnePositive(7,0,0) -> TrueexactlyOnePositive(8,4,3) -> FalseexactlyOnePositive(1,5,0) -> False"
py_is_prime,PCRS C3-PL  Is Prime,Return True for prime numbers or False for numbers that are not prime.isPrime(5)=> TrueisPrime(11)=> TrueisPrime(8)=> FalseisPrime(1949)=> TrueisPrime(15)=> FalseisPrime(51)=> False
py_max_in_group,PCRS C3-PL  Max In Group,"Return the largest number in the group. Don't cheat and use max function!    max(1,8,0)=>8    max(-1,-5,-6)=>-1    max(100, 60, 1000)=>1000    max(1, 1, 0)=>1"
py_countA,PCRS C3-PL  Counta,"Write a function that takes a string and returns the number of ""a""s.countA(""This is a string"") -> 1countA(""Oranges are not apples"") -> 3countA(""To be or not to be"") -> 0"
py_countX,PCRS C3-PL  Countx,"Count all instances of a given character in the string.countX(""x1x2x3x4"", 'x') -> 4countX(""finding all the instances of n"", 'n') -> 5countX(""There are none of that letter"", 'z') -> 0"
py_replace1,PCRS C3-PL  Replace1,"Replace the first character in the string with c.replace1(""a"") -> ""c""replace1(""a goes to c"") -> ""c goes to c""replace1(""bats are not cats"") -> ""cats are not cats""replace1("""") -> """""
py_replaceC,PCRS C3-PL  Replacec,"Replace all of the given characters with c.replaceC(""replace the x with a c"", ""x"") -> ""replace the c with a c""replaceC(""This is not aaa work"", ""a"") -> ""This is not ccc work""replaceC(""To b or not to b for I want to b the world"", ""c"") -> ""To c or not to c for I want to c the world"""
py_replaceX,PCRS C3-PL  Replacex,"Replace all instances of ch1 with ch2.replaceX(""abvdef"", ""v"",""c"")->""abcdef""replaceX(""xreaspbaxpoinb"", ""a"",""i"")->""xreispbixpoinb""replaceX(""Four score and seven years ago"", ""e"",""t"")->""Four scort and stvtn ytars ago"""
py_replace_between_index,PCRS C3-PL  Replace Between Index,"Write a function that takes four parameters (a string s1, two ints,i and j, and another string s2) and replaces all of the characters of s1 between i (inclusive) and j (exclusive)with s2. If j is equal to or longer than the length of s1, replace everything in s1 from i to the end of the string with s2.For example:replaceAtIndex('knox college', 4, 10, ' villa') => 'knox village'replaceAtIndex('knox college', 5, 100, 'rocks') => 'knox rocks'replaceAtIndex('monmouth college', 0, 100, '') => ''"
py_is_in,PCRS C3-PL  Is In,"Return True if s2 is in s1 and False if it is not.isIn(""cats and dogs"", ""t"") -> TrueisIn(""cats and dogs"", ""dog"") -> TrueisIn(""cats and dogs"", ""pet"") -> FalseisIn(""cats and dogs"", ""ts and"") -> True"
py_is_not_in,PCRS C3-PL  Is Not In,"Return true if the second string is not in the first string. ""Use not in"".isNotIn(""I is not in team"", ""i"") -> FalseisNotIn(""I is not in team"", ""g"") -> TrueisNotIn(""team"", ""i"") -> TrueisNotIn(""I is not in team"", ""teams"") -> True"
py_dna_pairs,PCRS C3-PL  Dna Pairs,"Write a function that takes a String that consists only of thecapital letters A, C, G, and T, and returns the number of timeseach letter occurs. You can return multiple values by puttingthem in parentheses, like this:return (1, 2, 8, 4)Be sure to return the counts in the order ACGT.For example:countBasePairs('GATTACA') => (3, 1, 1, 2)countBasePairs('') => (0, 0, 0, 0)countBasePairs('GGTCAGGCCCCT' => (1, 5, 4, 2)"
py_dna_base_pairs,PCRS C3-PL  Dna Base Pairs,"Write a function that takes a string as a parameter,and returns True if the string is a DNA string (i.e.only contains the capital letters A, C, G, T), and False otherwise. A DNA string must be at least1 character in length, so the empty string is nota DNA string. For example:isDNAString('GATTACA') => TrueisDNAString('GATTACA 2: The Return of Ethan Hawke') => FalseisDNAString('') => False"
py_count_genes,PCRS C3-PL  Count Genes,"Write a function that takes strings named seqand gene as parameters, and returns the numberof times that gene occurs in seq.For example:countGenes('GATTACA', 'ATT') => 1countGenes('ATCGGATCGGAAAATTACCG', 'ATCGG') => 2countGenes('ATCGGATCGGAAAATTACCG', 'TTTTTTT') => 0"
py_between_two_genes,PCRS C3-PL  Between Two Genes,"Write a function that takes three parameters:a sequence of DNA called seq, a genecalled g1, and a gene called g2.Return all of the strings that occur between anoccurrence of g1 and the nearest occurrence ofg2 that comes after it. If g1 occurs without g2,return the empty string. If there are extra occurrences of g2,use the first one. If there are extra occurrences of g1, usethe last one.For example:betweenGenes('ATAATCGTGGCCA', 'AAT', 'GCCA') => 'CGTG'betweenGenes('CGTGATCGCAATGGGGCAGTC', 'AT', 'CA') => 'CGGGGG'betweenGenes('ATAATCGTGGCCA', 'AAT', 'GCCA') => 'CGTG'"
py_sum_list,PCRS C3-PL  Sum List,"Write a function that returns the sum of all elements of the list.Do not use the sum() function.    sumIt([1, 2, 3, 4, 5, 6])=> 21    sumIt([1, 2, 3, 4, 5, 6])=> -21    sumIt([-1, 2, -3, 4, -5, 6])=> 3"
py_list_average,PCRS C3-PL  List Average,"Write a function that takes a list of ints and returns the average.Do not use the sum() function.    avgIt([5,5,5,5])=>5    avgIt([5,15,10,20,25])=>15    avgIt([3,6,0,9])=>4.5"
py_max_in_list,PCRS C3-PL  Max In List,"Write a program that takes a list and finds the maximum element.Do not use the max() function.    maxList([5,5,5,5])=>5    maxList([5,15,10,20,25])=>25    maxList([-3,-2,-1,-6,-9,-11])=>-1"
py_greater_than_ten,PCRS C3-PL  Greater Than Ten,"Write a function that takes a list of ints and returns the sumof the values that are greater than 10.Do not use the max() function.    sumOver10([5,6,7,8,9])=>0    sumOver10([19,11,0,10,8])=>30    sumOver10([-3,-2,-1,-6,-9,-11, 57])=>57"
py_sum_greater_than_n,PCRS C3-PL  Sum Greater Than N,"Write a function that takes a list of ints and an int nand returns the sum of the values that are greater than n.    sumOverN([5,6,7,8,9], 7)=>17    sumOverN([19,11,0,10,8], 11)=>19    sumOverN([-3,-2,-1,-6,-9,-11,57], -2)=>56"
py_return_max_index,PCRS C3-PL  Return Max Index,"Write a function that takes a list of ints and returns the index (index, not the value)of the maximum element. If the max value occursmultiple times, return the index of the first occurrence.Do not use the max() function. The max ofan empty list is undefined, so your function can crashif given an empty list.    maxIndex([5,5,5,5])=>0    maxIndex([5,15,10,20,25])=>4    maxIndex([-3,-2,-1,-6,-9,-11])=>2"
py_longest_string,PCRS C3-PL  Longest String,"Write a function that takes a list of stringsand returns the index of the longest string. If there aremultiple longest strings, return the index of the first. If the list is empty, your code may crash.    longestStringIndex(['dog', 'cat', 'a', 'ab'])=>0    longestStringIndex(['', 'a', 'ab', 'abc']) => 3    longestStringIndex(['knox', 'college', 'flunk', 'day'])=>1"
py_count_longer,PCRS C3-PL  Count Longer,"Write a function that takes a list of stringsand a string, and returns the number of strings in the list that are longer than the given string.    countLongerStrings(['dog', 'cat', 'a', 'ab'], 'z')=>3    countLongerStrings(['', 'a', 'ab', 'abc'], 'abcd') => 0    countLongerStrings(['knox', 'college', 'flunk', 'day'], 'april')=>1"
py_num_above_average,PCRS C3-PL  Num Above Average,"Write a program that takes two lists of ints as parameters,and returns the number of elements in the second listthat are greater than the average of the first list.Do not use the sum() function.    numAboveAverage([5,5,5,5], [3,4,5,6,7])=>2    numAboveAverage([5,15,10,20,25], [34, 12, 19, -1])=>2    numAboveAverage([5, 7], [])=>0"
py_count_number_seven,PCRS C3-PL  Count Number Seven,"Write a function that takes a list of ints as a parameterand returns the number of times that 7 occurs directly before9 in the list.For example:    count79([1,2,7,8,9]) => 0    count79([1,2,7,9,8,9,7,9]) => 2    count79([7,9,7,9,7,9,7]) => 3"
py_count_NM,PCRS C3-PL  Count Nm,"Write a function that takes a list of ints and two ints,N and M, and returns the number of timesNM occurs in order in the given list.For example:    countNM([1,2,3,4,5], 2, 1) => 0    countNM([1,2,3,4,5], 1, 2) => 1    countNM([1,2,1,2,1], 1, 2) => 2    countNM([-3, 8, 9, 12, 8, 12, 9], 12, 8) => 1"
py_count_NMMN,PCRS C3-PL  Count Nmmn,"Write a function that takes a list of ints and two ints,N and M, and returns the number of timesNM or MN occurs in order in the given list.For example:    countNMorMN([1,2,3,4,5], 2, 1) => 1    countNMorMN([1,2,3,4,5], 1, 2) => 1    countNMorMN([1,2,1,2,1], 1, 2) => 4    countNMorMN([-3, 8, 9, 12, 8, 12, 9], 12, 8) => 2"
py_count_nums,PCRS C3-PL  Count Nums,"Write a function that takes a list of ints as a parameterand returns a dictionary containing the counts ofthe number of times each value occurs (keys are the numberand the values are the counts)For example:    countNums([1,2,3,1,2,4]) => {1:2, 2:2, 3:1, 4:1}    countNums([1,2,3,1,1,2,1]) => {1:4, 2:2, 3:1}    countNums([78]) => {78:1}"
py_num_greater_at_index,PCRS C3-PL  Num Greater At Index,"Write a function that takes two lists of ints that are the same length,and returns the number of values in the second list thatare greater than the value at the same index in the first list.For example:    numGreaterAtIndex([1,2,3], [7, 8, 9]) => 3    numGreaterAtIndex([7, 8, 9], [1, 2, 3]) => 0    numGreaterAtIndex([7, 8, 9], [9, 0, 53]) => 2"
py_is_sorted,PCRS C3-PL  Is Sorted,"Write a function that takes a list of ints and returnsTrue if the list is sorted from lowest to highest, andfalse otherwise. Assume that an empty list is sorted.For example:    isSorted([1,2,3,4,99, 123, 2342]) => True    isSorted([1,2,3,4,999, 50, 2342]) => False    isSorted([]) => True"
py_postfix,PCRS C3-PL  Postfix,
py_closed_interval,PCRS C3-PL  Closed Interval,"Add a Closed IntervalWrite a function which takes as input a list myl of disjoint closed intervals with integer endpoints,sorted by increasing order of left endpoint, and an interval interval, and returns the union of intervalwith the intervals in A, expressed as a union of disjoint intervals. Example[(1, 2)], (3, 4)-> [(1, 2), (3, 4)][(3, 4)], (1, 2)-> [(1, 2), (3, 4)][(0, 2), (3, 6), (7, 7), (9, 12)], (1, 8) -> [(0, 8), (9, 12)]"
py_merge_sort,PCRS C3-PL  Merge Sort,"Merging sorted arraysGTG 14.1Given sorted arrays arr1 and arr2 of lengths n and m respectively, return an array out containing the union of the elements of both arrays, without any duplicates.Use brute force to quickly establish the passing of test casesUse binary search to search through arr1 (the bigger of the two) between inserting the element in arr2 into outExample[1, 1], [] -> [1][1], [2] -> [1, 2][1, 2], [2], -> [1, 2][3, 4], [1, 2] -> [1, 2, 3, 4][3, 4, 4], [1, 1, 2] -> [1, 2, 3, 4][1, 2, 3, 6, 7, 8], [4, 4] -> [1, 2, 3, 4, 6, 7, 8] "
py_recurse_converge,PCRS C3-PL  Recurse Converge,"self_convergeGoal: Given a number, return the number of iterations it takes to arrive at a derived number that converges on to itself, as per the following routine. Recursion is recommended. Initialize a counter to count the number of iterationsTake any four-digit number, using at least two different digits. (Leading zeros are allowed.)Arrange the digits in descending and then in ascending order to get two four-digit numbers, adding leading zeros if necessary.Subtract the smaller number from the bigger number. Let's call this a sequence_number.Check if the sequence_number (the remainder) from Step 3 equals the orginal number. If not, increment the iteration counter, and go back to step 2 and perform it on the sequence_number.If there is a match, then return the count of iterationsIf the sequence_number collapses to zero, then return -1 Converge valuesWhile 3-digit numbers converge to the same unique number k which is also 3 digits long, all 4-digit numbers also converge to the same unique value k1 which is 4 digits long. However, 5 digit numbers converge to any one of the following values: 53955, 59994, 61974, 62964, 63954, 71973, 74943, 75933, 82962, 83952.Example1234  ->   31. 4321 - 1234 =  3087 /   2. 8730 - 378  =  8352 /   3. 8532 - 2358 =  6174 /      7641 - 1467 =  6174 // same as previous414 -> 41. 441 - 144 =  297 /   2. 972 - 279 =  693 /   3. 963 - 369 =  594 /4. 954 - 459 =  495 /   954 - 459 =  495 // same as previous50000 -> 31. 50000 - 5      =  49995 /   2. 99954 - 45999  =  53955 /  # first 3. 95553 - 35559  =  59994 /   99954 - 45999  =  53955 /  # 2nd time"
py_alert_weekend,PCRS C3-PL  Alert Weekend,"Write a function that will alert the user about whether it is the weekend yet, based on the current day (provided as a string)."
py_positive_two_digits,PCRS C3-PL  Positive Two Digits,Write a function that determines whether the given positive number has exactly two digits.
py_two_params_true_one,PCRS C3-PL  Two Params True One,Write a function that returns true if only one of the two given parameters is true. (Note- the normal ‘or’ operator returns true when both are true.)
py_negative_if_zero,PCRS C3-PL  Negative If Zero,A number is only considered negative if it’s less than 0. Write a function that determines whether the given number is negative.
py_continent,PCRS C3-PL  Continent,"Write a function which, when given a continent name, returns whether that continent is connected to any other continents or not. (Hint- only two continents are entirely surrounded by ocean!)."
py_avocados,PCRS C3-PL  Avocados,"You just bought avocados at the grocery store! They won’t be ripe for another two days, but after those two days you’ll need to eat them within a week, before they go bad. Write a function that takes the number of days that have passed to determine whether or not you can eat avocados."
py_two_params_true,PCRS C3-PL  Two Params True,Write a function that returns true if exactly two of the three given parameters are true.
py_simple_int_comparison,PCRS C3-PL Simple int comparison,Write a function which determines whether the given input is over 9000!
py_is_char_half_alphabet,PCRS C3-PL Is char half alphabet,"In python you can compare strings like you compare numbers (using alphabetical order); for example, the string ‘abcd’ is less than the string ‘zyxw’. Write a function that determines whether the given string starts with a letter in the first half of the alphabet (before ’N’). (Hint: you can assume that the first letter will be uppercase)."
py_char_is_lowercase,PCRS C3-PL Is char lowercase,A letter is lowercase if it comes between ‘a’ and ‘z’. Write a function that determines whether the given letter is lowercase.
py_is_teenager_if, PCRS C3-PL Is teenager,A person is generally considered to be a teenager between the ages of 13 and 18. Write a function which determines whether the given age is both teenaged and not prime. (Hint: only 13 and 17 are primes in that range).
py_can_drink_if,PCRS C3-PL If can drink,"A person can only drink alcohol if they’re 21 or older and aren’t planning on driving. Write a function which, given these two variables, determines whether or not you can drink."
py_is_candyshop_open_if,PCRS C3-PL Is candyshop open,"The candy shop around the corner is open between 1pm and 7pm every day, except for Wednesdays, when it’s closed. Write a function to tell whether or not it’s open given the current time (expressed as the hour) and day of week."
py_if_within_five,PCRS C3-PL Within five,Write a function which determines whether a number is within five of another number.
py_loan,PCRS C3-PL  Loan,"Write a program that reads the total amount of the loan taken from the bank, the down payment, and the loan term (the number of YEARS the loan is taken for). The program calculates and displays the monthly payment - the amount user would need to pay every month to return the loan.E.g.:Input: loan: $1200, down payment: $200, term: 1 year (pay attention it is 12 months!)Output: The monthly payment is $83.33"
py_utilties,PCRS C3-PL  Utilties,
py_open_file_reading,File Open Reading,This shows an example of how to text a function that involves reading from a file.
py_ascii_isoceles,ASCII Isoceles Triangle,Complete the following function.
py_swap_list_with_dict,Swap list with dictionary,"Write a function that takes a list of strings named  items and a dictionary named  d with strings as both the keys and the values. Return a new list containing all of the strings from  items ,but if any string in items occurs as the key in dreplace it with the value. For example:    swapper(['ab','bc','dog'], {'ab':'xyz'}) => ['xyz', 'bc', 'dog']"
py_modify_name_list,Modify Name in lists,Complete the following function according to its docstring.Note: this function should return None.  Its job is to modify the list passed as its argument.
py_same_name_list,Same Name in Two lists,"Complete the following function according to its docstring. The arguments we use for testing will not be shown; instead, they will be described in English. If you fail any test cases, you will need to read the description and make your own test."
py_mismatch_list,Mismatch List,Complete the following function according to its docstring.
py_check_if_list,Check If Digit in List,Complete the examples in the docstring and then the function body.
py_first_even_number,First Even Number,"Complete the following function according to its docstring.  Use a for loop.  The lists we test will not all be shown; instead, some will be described in English.  If you fail any test cases, you will need to read the description and make your own test."
py_ticket_price,Ticket Price,Complete the following function according to its docstring description.
py_name_sort,Name Alphabetical Order,Complete the following function according to its docstring description.
py_value_between,Is Teenager,Complete the following function according to instruction
py_legal_age,Can Vote,Complete the following function according to instruction
py_reverse_dictionary,Reverse Mapping,"You have been asked to write a function that supplies the ""reverse lookup"" name for the person associated with a phone number.  This means that given a phone number, you get the name of the person who is registered with that phone number. For this problem, you have been asked to write a solution using a dictionary"
py_total_number_of_pizza,Number of Slices,"Complete the function according to its docstring.  When you think you are done, click ""Submit"" to have your code tested.  If both tests pass, congrats!  If one or both fails, edit your code and resubmit."
py_multiple_first_second,Find Multiples,"In the function below, steps 1-4 of the Function Design Recipe have been completed. Write the body of the function and then click Submit to test your function."
py_multiple_of_three,Multiples of Three,"In the function below, steps 1-4 of the Function Design Recipe have been completed. Write the body of the function and then click Submit to test your function."
py_count_non_digits,Count Non Digits,Complete the following function according to its docstring.
py_lower_letter_case,Lower Letter Case,Complete the following function according to its docstring.
py_swap_first_last,Swap First Last,
py_no_lowercase,No Lower Case,Complete the following function according to its docstring description. The letter y is not considered a vowel.
py_operator1,Operator,"First, click the green ""Submit"" button in the centre bottom of the window and follow the instructions on your handout."
py_high_low_temp,High Low Temp,Complete the following function according to its docstring.
py_word_correctly_spelled,Word Spelling,"Many Unix-like systems (including CDF) have a dictionary of correctly spelled words in a ﬁle. On CDF,here is the path to the ﬁle: /etc/dictionaries-common/words. See below some of those words (the ﬁlecontains both capitalized and lowercase words); complete the function below, where dictionaryrefers to a ﬁle that has been opened for reading:"
py_class_day,Class Day,"Complete each method of the class Day.  The Day class depends class Event, so we have included the Event class definition below."
py_shoe_company,Shoe Company,"As part of a study funded by a major shoe company, we crouched at the ﬁnish line of the Boston marathonand kept an ordered list of the shoes that we saw as they passed the ﬁnish line. Write a function that,given such a list, will return a dictionary mapping shoe companies to a list of the placements achieved byrunners wearing shoes made by those companies."
py_checkout,Checkout,The express checkout is for grocery orders with 8 or fewer items. Complete the examples in the docstringand then complete the function body.
py_fluffy,Fluffy,Add at least one example to the docstring and complete the function body.
py_upper_case,Upper Case,Add at least one example to the docstring and complete the function body
py_mononym,Mononymize Names,Complete the following function according to its docstring description.
py_table_of_foods,Table of Foods,"You are a cook in a busy restaurant.  You are writing a program to help you organize how much of each kind of food you need to cook.  Naturally, you decide to take a break from cooking and write a function to help.  You decide that your function will take a dictionary as a parameter where the keys are the tables in the restaurant and the values are lists of strings describing the food each table has ordered.  Your function returns a dictionary with the totals for how many of each food item you need to cook.For example, say you have 5 tables and 3 dishes:Tables: t1, t2, t3, t4 and t5Dishes: Vegetarian stew, Steak pie, PoutineInput:You will use the table names as the keys, and use a list of the foods ordered at each table as values.For example your dictionary may look like this:{'t1': ['Vegetarian stew', 'Poutine', 'Vegetarian stew'],  't3': ['Steak pie', 'Poutine', 'Vegetarian stew'],  't4': ['Steak pie', 'Steak pie']}Output:Your function must return a dictionary with the dish as the key, and the number of times that dish was ordered as the value.  Given the above input, your function would create and return a dictionary equivalent to the following:{'Vegetarian stew': 3, 'Poutine': 2, 'Steak pie': 3}Here we have started the code for you.  Complete it:"
py_bubble_up,Bubble Up,"Below is a bubble_up function that takes 3 parameters: the list, a start index, and an end index, and bubbles the items in that range.  We have started a function called bubble_down that takes the same 3 parameters but bubbles in the opposite direction.  Complete function bubble_down."
py_return_list_of_list_even,List of Lists with Even,"This problem has you write a nested loop to process a list of list of int, and accumulate a list of list of int.  The starter code provides an accumulator for the result and a loop over the lists, and you need to write the code that checks whether sublist contains only even ints.  You'll probably want a one-way flag: a Boolean variable that starts out as True and is set to False if you find an odd int in the sublist.  You'll need to check the value of this variable to figure out whether to append sublist to the even_lists accumulator."
py_new_rectangle,New rectangle,Complete method area in the following class.  All it needs is a return statement.
py_create_circle_radius,Circle Radius,Complete method __init__ in the following class.  (It's only missing an assignment to a radius instance variable.)
py_return_cookies,Return Cookies,"In the function below, steps 1-4 of the Function Design Recipe have been completed.  Write the body of the function and then click Submit to test your function."
py_smallest_factor_while,Smallest Factor (While),Write a function that takes a positive integer greater than 1 and returns its smallest factor greater than 1.Instructions:- A factor of a number n is any number that divides n evenly (no remainder).- You must return the smallest factor that is greater than 1.- You can assume the input will always be greater than 1.Use a while loop in your solution.Examples of input/output:smallest_factor(15) -> 3smallest_factor(24) -> 2smallest_factor(49) -> 7
py_greatest_absolute_difference,Greatest Absolute Differemce,Complete the examples in the docstring and then complete the function body.
py_lastname_firstname_phonenumber,To Listing,"Copy and paste the contents of your solution for format_name into the box below. Then, complete the following function according to its docstring description."
py_lastname_firstname,Format Name,Complete the following function according to its docstring description.
py_collatz,Count Collatz Steps,"In math, the Collatz conjecture states that starting from any number, you will eventually obtain 1 byrepeatedly following these two steps:If the number is even, divide by 2.If the number is odd, multiply by 3 and add 1.Complete this function to count Collatz steps for a particular number."
py_nth_character,nth Character,"Complete the body for the following function. While this function could be completed with a for loop, for practice, we request that you use a while loop."
py_scale_midterm_grades,Scale Midterm Grades,Complete the examples in the docstring and then complete the function body.
py_collect_underperformers,Collect Underperformers,Complete the examples in the docstring and then complete the function body.
py_assignment,Add,Write a statement that adds the variable x to 42 and stores the result in a variable named result.
py_odd_condition,Check Odd Condition,Provide the boolean expression that evaluates to True if and only if the variable count is odd
py_sum_odd,Sum Odd Numbers,Write the body of a loop that computes the sum of all of the integers at odd indices of the list L. The result should be stored in the variable sum.
py_right_triangle,Right Triangle,Complete the following function according to its docstring description.
py_stretch_string,Repeating Character,Complete the examples in the docstring and then complete the function body.
py_search_list2,Search List 2,"Complete the following function according to its docstring using a for loop.  String method startswith may come in handy here.  The lists we test will not all be shown; instead, some will be described in English. If you fail any test cases, you will need to read the description and make your own test."
py_even_insertion_sort,Even Insertion Sort,"The code for insertion sort is as follows:def insert(L, i):    """""" (list, int) -> NoneType    Precondition: L[:i] is sorted from smallest to largest.    Move L[i] to where it belongs in L[:i + 1].    >>> L = [7, 3, 5, 2]    >>> insert(L, 1)    >>> L    [3, 7, 5, 2]    """"""    # The value to be inserted into the sorted part of the list.    value = L[i]    # Find the index, j, where the value belongs.    # Make room for the value by shifting.    j = i    while j != 0 and L[j - 1] > value:        # Shift L[j - 1] one position to the right to L[j].        L[j] = L[j - 1]        j = j - 1    # Put the value where it belongs.    L[j] = value    def insertion_sort(L):    """""" (list) -> NoneType    Sort the items of L from smallest to largest.    >>> L = [7, 3, 5, 2]    >>> insertion_sort(L)    >>> L    [2, 3, 5, 7]    """"""    for i in range(len(L)):        insert(L, i)Rewrite the insert() function so that it only sorts the elements at the EVEN indices."
py_first_integer_less_than,First Integer Less Than,"Complete the following function according to its docstring using a while loop.  The lists we test will not all be shown; instead, some will be described in English. If you fail any test cases, you will need to read the description and make your own test."
py_find_index_in_list,Find Index List,Complete the following function.  Note that neither item_list nor index_list should be mutated.
py_sum_two_int,Sum of two integer numbers,"Given 2 integers, num1 and num2, calculate their sum and store it in variable called sum.E.g.: if the value of num1 is 3 and the value of num2 is 4, the program prints 7.Authors: Yana Kortsarts, Yulia Kempner, Leonid Kugel, Kamil Akhuseyinoglu"
py_next_day,Next Day,"Complete the following program that checks three integers, representing a date: month, day, and year. The month, day and year values are already set to variables month, day, and year respectively. You can assume that the values of these variables are always valid. For the program to work correctly, you only need to update the current values of month, day and year variables to the next day's date. E.g. 1: If the given three integers (month day year) are 3 30 2015 which represents the actual date March 30, 2015, the next day's date is 3 31 2015 (March 31, 2015) .  E.g. 2: If the given three integers (month day year) are 12 31 2016 which represents the actual date December 31, 2016, the next day's date is 1 1 2017 (January 1, 2017). Hint 1: Do not forget to consider the leap year. If the current year is a leap year and the current date given is 02 28 1988, the next day's date becomes 02 29 1988 instead of 03 01 1988In the Gregorian calendar, a year is a leap year when the number representing that year is divisible by 4, but not by 100, unless it is divisible by 400. Hint 2: Assume that there are no leap years before 1582.Authors: Yana Kortsarts, Yulia Kempner, Leonid Kugel, Kamil Akhuseyinoglu"
py_perishable_food,Perishable Food,"A grocery store sells perishable and nonperishable food.  Each item in the store has a bar code, a 9-digit positive integer. The bar code of perishable items ends with 3, 4, or 7. Write a program that checks one integer, the barcode of a single item, whether the item is perishable or not. The variable, perishable, is True if it is perishable, and false otherwise. If the given integer is not a 9-digit positive integer, then perishable should be False.Assume that the barcode value is already stored in a variable called barcode.E.g. 1: If the barcode is 342564643, perishable is True since the barcode finishes with 3.E.g. 2: If the barcode is 442554645, perishable is False since the barcode finishes with 5.E.g. 3: If the barcode is 325, perishable is False since the barcode is not a 9-digit integer.Authors: Yana Kortsarts, Yulia Kempner, Leonid Kugel, Kamil Akhuseyinoglu"
py_leap_year,Leap Year,"In the Gregorian calendar, a year is a leap year when the number representing that year is divisible by 4, but not by 100, unless it is divisible by 400. Thus years such as 1996, 1992, 1988 and so on are leap years because they are divisible by 4 but not by 100. For century years, the 400 rule is important. Thus, century years 1900, 1800 and 1700, while all still divisible by 4, are also divisible by 100. As they are not further divisible by 400, they ARE NOT leap years. On the other hand, the year 2000 is a leap year since it is divisible by 4 and 100 but also by 400. Also, you can assume that there were no leap years before 1582. Write a program that checks whether or not a given year is a leap year and returns True or False accordingly.Assume that the value of the year is already set to a variable year.E.g. 1: If the year is 1980, then leap_year is TrueE.g. 2: If the year is 1900, then leap_year is FalseE.g. 3: If the year is 1200, then leap_year is FalseE.g. 4: If the year is 2000, then leap_year is TrueE.g. 5: If the year is 3000, then leap_year is FalseAuthors: Yana Kortsarts, Yulia Kempner, Leonid Kugel, Kamil Akhuseyinoglu"
py_treasure_box,Treasure Box,"A treasure box with 1 million dollars inside has a lock combination that uses a 3-digit positive integer. To open the box, the following rules need to be satisfied: (1) The first digit equals the last digit.(2) The middle digit is odd.Write a program that checks single 3-digit integer and prints YES if the number opens the box and NO otherwise.Assume that the 3-digit integer is already set to variable code.E.g. 1: if code is 212, the program prints 'YES'E.g. 2: if code is 312, the program prints 'NO'E.g. 3: if code is 999, the program prints 'YES'Authors: Yana Kortsarts, Yulia Kempner, Leonid Kugel, Kamil Akhuseyinoglu"
py_max_three_int,Maximum of three integers,"Complete the following program that finds the maximum value among the three integer values.  Assume that the three integer values are already assigned to num1, num2, and num3 respectively. E.g.: If num1=5, num2=10, and num3=7, then the maximum is 10Authors: Yana Kortsarts, Yulia Kempner, Leonid Kugel, Kamil Akhuseyinoglu"
py_is_even,Is Even,"Write a program that checks whether the given integer is even or odd and sets a variable called  is_even to True if the given number is even or False otherwise.Assume that the integer number is already set to a variable num.Authors: Yana Kortsarts, Yulia Kempner, Leonid Kugel, Kamil Akhuseyinoglu"
py_diary_farm,Diary Farm,"A dairy farm ships milk bottles using containers of a specific size. Each container holds a certain number of milk bottles. Complete the following program that calculates and prints the number of containers fully packed with milk bottles and the number of remaining milk bottles. Assume that the size of a container and the number of milk bottles stored in container_size and bottle_count respectively. Store the number of fully packed containers and remaining milk bottles in variables container_count and remaining respectively. E.g. if the farm needs to ship 118 milk bottles and the capacity of one container is 24 bottles, then 4 containers will be fully packed and 22 bottles of milk will be leftover. In this case, the number of fully packed containers is 4 and 22 bottle(s) leftAuthors: Yana Kortsarts, Yulia Kempner, Leonid Kugel, Kamil Akhuseyinoglu"
py_accommodation_cost,Calculate accommodation cost,"Complete the following program that computes and prints the total cost of the hotel stay based on the number of nights, the price per night and the tax percent. Assume that the number of nights, the price per night and tax percent stored in variables nights, price, and tax respectively.Store the total cost in variable total as floating-pointE.g. if the person stayed 3 nights, with $99.99 per night and a 14.5% tax, the cost is 343.47Authors: Yana Kortsarts, Yulia Kempner, Leonid Kugel, Kamil Akhuseyinoglu"
py_unicode_value,Find ASCII/Unicode value,"Complete the following program that prints the ASCII/Unicode value of the given character that is stored in variable char. Assume that char is already set to a character. The ASCII/Unicode value should be stored in unicode_valueHint: Use ord() built-in function.E.g.: If char is 'a', the Unicode value of a is 97Authors: Yana Kortsarts, Yulia Kempner, Leonid Kugel, Kamil Akhuseyinoglu"
py_sum_digits_pcrs,Sum digits of a number,"Complete the following code which calculates the sum of the digits of a three-digit positive integer that is stored in variable num. The value of num is between 100 and 999.The sum of the digits should be stored in variable sum.E.g. 1: If num is 100, the value of sum should be 1E.g. 2: If num is 999, the value of sum should be 27Authors: Yana Kortsarts, Yulia Kempner, Leonid Kugel, Kamil Akhuseyinoglu"
py_quotient_remainder,Calculate quotient and remainder,"Given two integer numbers, num1 and num2, complete the following code that calculates the quotient (result of the division of the num1 by the num2), the integer quotient (integer division of the num1 by the num2), and the remainder (remainder from the division of the num1 by the num2).Assume that the initial values of num1 and num2 are already set.Quotient, integer quotient and remainder should be stored in quotient, integer_quotient, and remainder variables respectively.E.g. 1: If the value of num1 is 25 and num2 is 5, the quotient is 5.0, the integer quotient is 5, and the remainder is 0.0E.g. 2: If the value of num1 is 14 and num2 is 4, the quotient is 3.5, the integer quotient is 3, and the remainder is 2.0Authors: Yana Kortsarts, Yulia Kempner, Leonid Kugel, Kamil Akhuseyinoglu"
py_avg_two_int,Calculate average of two integer numbers,"Given two integer variables first_num, second_num, write a program that calculates their average.Assume that the initial values of first_num, second_num are set to an integer value. The average of the two numbers should be stored in the variable averageE.g.: If first_num is 3 and second_num is 5, then the average is 4.0If first_num is 4 and second_num is 5, then the average is 4.5Authors: Yana Kortsarts, Yulia Kempner, Leonid Kugel, Kamil Akhuseyinoglu"
py_monthly_bill,Calculate monthly bill,"Write a program that calculates the total monthly bill by using electric, water, and gas bills for that month. Electric, water, and gas bills are stored in variables electricity, water, and gas, respectively. Assume that the initial values of electricity, water, and gas are already set to a floating-point number. The total monthly bill is stored in a floating-point variable total. Eg.:If the electricity bill is 50.6, the water bill is 40.4 and the gas bill is 95.5, variable total should have the value of 186.5.Authors: Yana Kortsarts, Yulia Kempner, Leonid Kugel, Kamil Akhuseyinoglu"
py_sum_product,Calculate sum and product,"Given 2 integers, first_num and second_num, write a program to calculate their sum and product that are stored in variables sum and product respectively. Assume that the initial value of the variables first_num and second_num are already set to an integer.E.g.: if the value of first_num is 3 and the value of second_num is 4, the value of sum will be 7 and the product will be 12Authors: Yana Kortsarts, Yulia Kempner, Leonid Kugel, Kamil Akhuseyinoglu"
py_second_in_days,Calculating the Seconds in n Days,"Calculate the seconds in n days and set the value to the variable secondsE.g. 1: if the value of n is 1, seconds variable is set to 86400.E.g. 2: if the value of n is 2, seconds variable is set to 172800."
pcrs_sample_problem4,PCRS sample problem 4,Write the body of a loop that computes the sum of all of the integers at odd indices of the list L. The result should be stored in the variable sum.
pcrs_sample_problem3,PCRS sample problem 3,Provide the boolean expression that evaluates to True if and only if the variable count is odd
pcrs_sample_problem2,PCRS sample problem 2,Complete the function as described by its docstring.
pcrs_sample_problem1,PCRS sample problem 1,Write a statement that adds the variable x to 42 and stores the result in a variable named result.
